"tags","features","artist_name","track_name"
"[""80s"",""pop"",""female vocalists"",""Belinda Carlisle"",""new wave"",""soft rock"",""heaven is a place on earth"",""rock"",""dance"",""80s Pop"",""female vocalist"",""80's"",""female"",""pop rock"",""american"",""oldies"",""1987"",""favorites"",""easy listening"",""classic rock"",""Love"",""party"",""female vocals"",""80s favorites"",""guilty pleasure"",""heaven"",""happy"",""eighties"",""fun"",""classic"",""catchy"",""top 40"",""Favorite"",""top artists"",""amayzes loved"",""Good memories"",""Disco"",""90s"",""relaxing"",""best"",""love song"",""sexy female vocals""]","{""danceability"":0.64,""energy"":0.852,""key"":1,""loudness"":-8.119,""mode"":0,""speechiness"":0.0345,""acousticness"":0.0243,""instrumentalness"":0.00000182,""liveness"":0.0497,""valence"":0.793,""tempo"":122.902,""type"":""audio_features"",""id"":""37Q5anxoGWYdRsyeXkkNoI"",""uri"":""spotify:track:37Q5anxoGWYdRsyeXkkNoI"",""track_href"":""https://api.spotify.com/v1/tracks/37Q5anxoGWYdRsyeXkkNoI"",""analysis_url"":""https://api.spotify.com/v1/audio-analysis/37Q5anxoGWYdRsyeXkkNoI"",""duration_ms"":246520,""time_signature"":4}","Belinda Carlisle","Heaven Is a Place on Earth"
"[""80s"",""pop"",""80's"",""1986"",""Robbie Nevil"",""one-hit wonder"",""rock"",""american"",""Happy songs"",""Basically Bass"",""dance"",""eighties"",""male vocalists"",""Guilty Pleasures"",""6 of 10 stars"",""80s Pop"",""classic rock"",""male"",""soul"",""singer-songwriter"",""USA"",""favorites"",""Love"",""easy listening"",""dance-pop"",""synth pop"",""saxophone"",""song"",""90s"",""upbeat"",""summer"",""party"",""smooth"",""new"",""Rainy Day"",""fun"",""cool"",""male vocalist"",""new jack swing"",""singer songwriter"",""80"",""90's"",""sunshine"",""top 40"",""relax"",""fav"",""perfect pop songs"",""weekend"",""all the best"",""poprock"",""Summery"",""herz-2"",""CD"",""1980s"",""10 of 10 stars"",""Radio Music"",""One Hit Wonders"",""guitarist"",""breakfast"",""1987"",""dance - techno"",""Great Music"",""childhood memories"",""easyrock"",""hit"",""one hit wonder"",""top artists"",""best songs of the 80s"",""Pop Life"",""guitarra"",""3 star"",""billboard hot 100"",""comfort music"",""fave songs ever"",""1980's"",""major"",""pop 80s"",""brain2brain"",""lobonoceu"",""The 80s"",""Mellow Party"",""dancing the night away"",""incredible vocals"",""80s Classic"",""Care free"",""Brems Tagg radio"",""dancecraze"",""popdance"",""japonesa"",""Hardy"",""80s pop and rock"",""rakt over disc"",""get your spirits up"",""Radiotsar approved"",""makemehappy"",""Tema Increible"",""middle tempo"",""axem army"",""7P"",""dance:cha cha cha""]","{""danceability"":0.729,""energy"":0.798,""key"":7,""loudness"":-12.868,""mode"":1,""speechiness"":0.0552,""acousticness"":0.533,""instrumentalness"":0.00032,""liveness"":0.725,""valence"":0.565,""tempo"":102.108,""type"":""audio_features"",""id"":""6Ce9ItNCpk2PkAMq5v6EEV"",""uri"":""spotify:track:6Ce9ItNCpk2PkAMq5v6EEV"",""track_href"":""https://api.spotify.com/v1/tracks/6Ce9ItNCpk2PkAMq5v6EEV"",""analysis_url"":""https://api.spotify.com/v1/audio-analysis/6Ce9ItNCpk2PkAMq5v6EEV"",""duration_ms"":271667,""time_signature"":4}","Robbie Nevil","C'est La Vie"
"[""80s"",""pop"",""female vocalists"",""new wave"",""rock"",""bangles"",""The Bangles"",""80's"",""1986"",""dance"",""american"",""fun"",""walk like an egyptian"",""pop rock"",""party"",""classic rock"",""amayzes loved"",""hit"",""80s dance floor"",""happy"",""catchy"",""Awesome"",""eighties"",""oldies"",""loved"",""whistling"",""gute laune"",""7 of 10 stars"",""80s Pop"",""girl group"",""easyrock"",""iTunes"",""best songs of the 80s"",""davaho53"",""female"",""favorites"",""female vocalist"",""rock band"",""english"",""vocalization"",""all the best"",""sing along"",""1980s"",""Girl Groups"",""group"",""rock band dlc"",""Megadeth"",""Gilmore Girls"",""my favorite"",""Party-Rockin"",""critically acclaimed song"",""acclaimed music top 3000 bubbling under"",""galaxystardust"",""80s favorites"",""Rock Sunowo"",""80s top 40"",""essential 80s"",""all-time fav"",""christian alexander tietgen"",""pure 80s"",""off the cob""]","{""danceability"":0.724,""energy"":0.891,""key"":11,""loudness"":-7.818,""mode"":1,""speechiness"":0.0995,""acousticness"":0.00344,""instrumentalness"":0.0000466,""liveness"":0.3,""valence"":0.819,""tempo"":103.022,""type"":""audio_features"",""id"":""1Jwc3ODLQxtbnS8M9TflSP"",""uri"":""spotify:track:1Jwc3ODLQxtbnS8M9TflSP"",""track_href"":""https://api.spotify.com/v1/tracks/1Jwc3ODLQxtbnS8M9TflSP"",""analysis_url"":""https://api.spotify.com/v1/audio-analysis/1Jwc3ODLQxtbnS8M9TflSP"",""duration_ms"":204707,""time_signature"":4}","The Bangles","Walk Like an Egyptian"
"[]","{""danceability"":0.816,""energy"":0.693,""key"":11,""loudness"":-4.033,""mode"":1,""speechiness"":0.057,""acousticness"":0.00444,""instrumentalness"":0.00885,""liveness"":0.261,""valence"":0.787,""tempo"":114.469,""type"":""audio_features"",""id"":""3eGYm93FWZVOXciII8Bo7Q"",""uri"":""spotify:track:3eGYm93FWZVOXciII8Bo7Q"",""track_href"":""https://api.spotify.com/v1/tracks/3eGYm93FWZVOXciII8Bo7Q"",""analysis_url"":""https://api.spotify.com/v1/audio-analysis/3eGYm93FWZVOXciII8Bo7Q"",""duration_ms"":283133,""time_signature"":4}","Janet Jackson","What Have You Done For Me Lately - Album Edit"
"[""soul"",""funk"",""80s"",""r&b"",""Jam and Lewis"",""rnb"",""1987"",""dance"",""male vocalist"",""Old School soul"",""80s soul"",""critically acclaimed song"",""acclaimed music top 3000 bubbling under"",""jazz-funk"",""groove"",""male vocal"",""american"",""old school"",""male vocalists"",""live"",""fake"",""dope beat"",""sick beat"",""tight beat"",""eclectonia"",""club classics"",""southern"",""jimmy jam and terry lewis"",""electro-funk"",""5 of 10 stars"",""80s groove"",""MPLS"",""classic soul"",""High School Memories"",""Oaktown"",""All About Prince"",""JAMZ"",""80s grooves"",""rakt over disc"",""wdw"",""rnb-soul 80s"",""funkynow-WVAU"",""DANCEFLOOR CLASSICS"",""funky tune s"",""hot jamz baby"",""lbz favz"",""DJPMan-loved-tracks"",""Heiners"",""seadawgg"",""djpman loved tracks"",""darkestrose-lovedtracks"",""alexander oneal fake""]","{""danceability"":0.783,""energy"":0.83,""key"":11,""loudness"":-9.902,""mode"":1,""speechiness"":0.0377,""acousticness"":0.00402,""instrumentalness"":0.00541,""liveness"":0.0338,""valence"":0.947,""tempo"":111.956,""type"":""audio_features"",""id"":""3xqxyldhKovZBPuZgiaJXc"",""uri"":""spotify:track:3xqxyldhKovZBPuZgiaJXc"",""track_href"":""https://api.spotify.com/v1/tracks/3xqxyldhKovZBPuZgiaJXc"",""analysis_url"":""https://api.spotify.com/v1/audio-analysis/3xqxyldhKovZBPuZgiaJXc"",""duration_ms"":191880,""time_signature"":4}","Alexander O'Neal","Fake"
"[""80s"",""Hip-Hop"",""old school"",""dance"",""rap"",""hip hop"",""pop"",""party"",""Push It"",""salt n pepa"",""90s"",""fun"",""female vocalists"",""old school rap"",""1988"",""sex"",""Workout"",""rnb"",""salt-n-pepa"",""old school hip-hop"",""sexy"",""Guilty Pleasures"",""1987"",""oldschool"",""funk"",""female vocalist"",""Pitchfork 500"",""80s Old School"",""favorite songs"",""Love"",""funky"",""old skool"",""hiphop"",""female vocals"",""80's"",""horny"",""friendsofthekingofrummelpop"",""Rolling Stones Top 500 Songs of All Time"",""Rolling Stone 500 Greatest Songs of All Time"",""glee"",""my name is earl"",""HIP SHAKER"",""a repetitive song structure"",""80s hip-hop"",""this is uncool"",""electronic"",""rock"",""soul"",""classic"",""cowbell"",""USA"",""favorites"",""urban"",""upbeat"",""party music"",""guilty pleasure"",""hot"",""1986"",""top 40"",""vocal samples"",""Chuck"",""Old School Hip Hop"",""electronica influences"",""top artists"",""danceable beats"",""-favorites-"",""Foxy Lady"",""club rap influences"",""east coast rap roots"",""party rhymes"",""dominant rap hooks"",""the pitchfork 500"",""a tight kick sound"",""old school party"",""vh1 top 100 hip-hop songs"",""critically acclaimed song"",""galaxystardust"",""a highly synthetic sonority"",""a dry recording sound"",""a knack for catchy hooks"",""old school Influences"",""female rap lead"",""lyrics by a respected rap artist"",""hip hop classic"",""The 1980s"",""-erotica-"",""dance-off"",""saltnpepa"",""-memories-""]","{""danceability"":0.914,""energy"":0.594,""key"":11,""loudness"":-12.478,""mode"":0,""speechiness"":0.0727,""acousticness"":0.00709,""instrumentalness"":0.00318,""liveness"":0.0832,""valence"":0.972,""tempo"":127.226,""type"":""audio_features"",""id"":""2xF0GzAiDMEugLYqLZFWLr"",""uri"":""spotify:track:2xF0GzAiDMEugLYqLZFWLr"",""track_href"":""https://api.spotify.com/v1/tracks/2xF0GzAiDMEugLYqLZFWLr"",""analysis_url"":""https://api.spotify.com/v1/audio-analysis/2xF0GzAiDMEugLYqLZFWLr"",""duration_ms"":272133,""time_signature"":4}","Salt-N-Pepa","Push It"
"[""80s"",""electronic"",""pop"",""Soundtrack"",""electronica"",""yello"",""new wave"",""synthpop"",""duffman"",""oh yeah"",""dance"",""swiss"",""ferris bueller"",""synth pop"",""Electro Pop"",""classic"",""switzerland"",""1985"",""Love"",""party"",""Chuck"",""quirky"",""oldskool"",""80's"",""Favourites"",""Guilty Pleasures"",""classics"",""classic electronic"",""queer as folk"",""rock"",""sexy"",""epic"",""techno"",""Awesome"",""Retro"",""ost"",""fun"",""male vocalist"",""beat"",""big beat"",""1980s"",""One Hit Wonders"",""simpsons"",""streamable track wants"",""20th Century"",""s"",""zajebiste"",""songs I absolutely love"",""The Simpsons"",""Boredome"",""I love the 80s"",""Ferris Buellers Day Off"",""duff"",""retro cheese madness"",""Yello-Oh Yeah"",""JohnTM just woke up"",""Disco"",""chillout"",""instrumental"",""alternative"",""favorite songs"",""experimental"",""indie pop"",""electro"",""memories"",""happy"",""catchy"",""other"",""RockPop"",""tv"",""Soundtracks"",""Driving"",""upbeat"",""high energy"",""club"",""funky"",""art rock"",""favorite albums"",""top"",""cheerful"",""comedy"",""intense"",""cyberpunk"",""nice"",""cool"",""funny"",""eclectic"",""guilty pleasure"",""bizarre"",""1986"",""songs i love"",""relax"",""i am a party girl here is my soundtrack"",""english"",""cheesy"",""8 of 10 stars"",""9 of 10 stars"",""electronic music"",""great songs"",""perfect""]","{""danceability"":0.744,""energy"":0.682,""key"":6,""loudness"":-14.867,""mode"":1,""speechiness"":0.0555,""acousticness"":0.00614,""instrumentalness"":0.802,""liveness"":0.241,""valence"":0.705,""tempo"":131.121,""type"":""audio_features"",""id"":""3hcyxNuS7Ppe7OmqLmToAG"",""uri"":""spotify:track:3hcyxNuS7Ppe7OmqLmToAG"",""track_href"":""https://api.spotify.com/v1/tracks/3hcyxNuS7Ppe7OmqLmToAG"",""analysis_url"":""https://api.spotify.com/v1/audio-analysis/3hcyxNuS7Ppe7OmqLmToAG"",""duration_ms"":190107,""time_signature"":4}","Yello","Oh Yeah"
"[""pop"",""80s"",""dance"",""soul"",""whitney houston"",""1987"",""rnb"",""female vocalists"",""party"",""female vocalist"",""80's"",""dance-pop"",""dance pop"",""american"",""Love"",""r&b"",""vocalization"",""80s Pop"",""billboard number ones"",""vocal"",""USA"",""upbeat"",""new"",""love songs"",""top 40"",""Guilty Pleasures"",""1980s"",""influential"",""key change"",""Pop Life"",""us number one"",""expressive vocal"",""grammy: best female pop vocal performance"",""rock"",""classic"",""favorite songs"",""happy"",""catchy"",""urban"",""unclassifiable"",""Awesome"",""Voice"",""90s"",""eighties"",""Energetic"",""club"",""oldies"",""groovy"",""gospel"",""kids"",""powerpop"",""guilty pleasure"",""soulful"",""rhythm and blues"",""fav"",""poppy"",""8 of 10 stars"",""love song"",""classics"",""personal favourites"",""favorite by this singer"",""great voice"",""10 of 10 stars"",""6 of 10 stars"",""fout"",""Favourite Songs"",""Old School soul"",""indie dance"",""us"",""new jersey"",""my music"",""Pop Music"",""number one hits"",""Soul And RB"",""big voice"",""80s Music"",""Gone but not Forgotten"",""divas"",""Makes Me Smile"",""singstar"",""get up and dance"",""instant happiness"",""upbeat fun"",""sleek"",""rhythum and blues tag"",""lyricism"",""120 bpm"",""it is party time"",""wake-up song"",""My Happy Songs"",""One of the 50 gayest songs of all time"",""uk number one"",""perfect bliss"",""blender"",""Brems Tagg radio"",""80s favorites"",""dancecraze"",""i know all the words to this"",""You and Me"",""billboard number ones 1980s""]","{""danceability"":0.709,""energy"":0.824,""key"":1,""loudness"":-8.824,""mode"":1,""speechiness"":0.0453,""acousticness"":0.207,""instrumentalness"":0.000307,""liveness"":0.0888,""valence"":0.867,""tempo"":118.814,""type"":""audio_features"",""id"":""2tUBqZG2AbRi7Q0BIrVrEj"",""uri"":""spotify:track:2tUBqZG2AbRi7Q0BIrVrEj"",""track_href"":""https://api.spotify.com/v1/tracks/2tUBqZG2AbRi7Q0BIrVrEj"",""analysis_url"":""https://api.spotify.com/v1/audio-analysis/2tUBqZG2AbRi7Q0BIrVrEj"",""duration_ms"":291293,""time_signature"":4}","Whitney Houston","I Wanna Dance with Somebody (Who Loves Me)"
"[""post-punk"",""80s"",""alternative"",""new wave"",""similar to: minutemen""]","{""danceability"":0.68,""energy"":0.626,""key"":7,""loudness"":-8.519,""mode"":1,""speechiness"":0.0255,""acousticness"":0.126,""instrumentalness"":0.0000013,""liveness"":0.0995,""valence"":0.96,""tempo"":104.333,""type"":""audio_features"",""id"":""01q4ccXbvPlCwZ1fPiFaeM"",""uri"":""spotify:track:01q4ccXbvPlCwZ1fPiFaeM"",""track_href"":""https://api.spotify.com/v1/tracks/01q4ccXbvPlCwZ1fPiFaeM"",""analysis_url"":""https://api.spotify.com/v1/audio-analysis/01q4ccXbvPlCwZ1fPiFaeM"",""duration_ms"":122760,""time_signature"":4}","The Smiths","Girlfriend In A Coma - 2011 Remastered Version"
"[""80s"",""new wave"",""pop"",""rock"",""pop rock"",""Simple Minds"",""Soundtrack"",""the breakfast club"",""classic rock"",""classic"",""1985"",""favorites"",""british"",""alternative"",""Scottish"",""Dont You Forget About Me"",""synthpop"",""80's"",""Love"",""breakfast club"",""dance"",""play this at my funeral"",""soft rock"",""nostalgia"",""80s favorites"",""oldies"",""male vocalists"",""futurama"",""favorite songs"",""britpop"",""new romantic"",""1980s"",""80s Pop"",""80er"",""All time favourite"",""beautiful"",""nostalgic"",""classics"",""Awesome"",""Soundtracks"",""party"",""loved"",""80"",""amayzes loved"",""greatest hits of the 80s""]","{""danceability"":0.66,""energy"":0.816,""key"":2,""loudness"":-6.61,""mode"":1,""speechiness"":0.0299,""acousticness"":0.168,""instrumentalness"":0.0181,""liveness"":0.0608,""valence"":0.678,""tempo"":111.346,""type"":""audio_features"",""id"":""6CtNdzwFfWUHOSXyJsHvBe"",""uri"":""spotify:track:6CtNdzwFfWUHOSXyJsHvBe"",""track_href"":""https://api.spotify.com/v1/tracks/6CtNdzwFfWUHOSXyJsHvBe"",""analysis_url"":""https://api.spotify.com/v1/audio-analysis/6CtNdzwFfWUHOSXyJsHvBe"",""duration_ms"":263040,""time_signature"":4}","Simple Minds","Don't You (Forget About Me)"
"[""80s"",""pop"",""female vocalists"",""new wave"",""rock"",""1987"",""pop rock"",""female vocals"",""T Pau"",""soft rock"",""80s Pop"",""british"",""favorites"",""synth pop"",""new romantic"",""female vocalist"",""TPau"",""top 40"",""Guilty Pleasures"",""one hit wonder"",""electronic"",""UK"",""dance"",""synthpop"",""80's"",""heart and soul"",""classic rock"",""memories"",""catchy"",""acoustic"",""guitar"",""long"",""party"",""synthesizer"",""relaxing"",""percussion"",""Favourites"",""nostalgia"",""sensual"",""duets"",""One Hit Wonders"",""childhood memories"",""My 80s"",""candlelight"",""Slow dances"",""vh-1"",""Disco"",""seen live"",""indie"",""vocal"",""female"",""chill"",""soul"",""alternative rock"",""ambient"",""sexy"",""repetitive"",""Love"",""easy listening"",""Gothic"",""shoegaze"",""beautiful"",""Awesome"",""bass"",""alto"",""drums"",""car"",""up"",""scotland"",""Mellow"",""Sleep"",""ethereal"",""Electronic Pop"",""emotional"",""keyboard"",""great song"",""vocal trance"",""modern rock"",""love songs"",""guilty pleasure"",""High School"",""rock n roll"",""80"",""Ballad"",""female vocal"",""4"",""Favorite"",""popular"",""chill out"",""female singer"",""female singers"",""hits"",""poppy"",""8 of 10 stars"",""2010"",""dr hook"",""truth"",""looooove"",""Masterpiece"",""fantasy""]","{""danceability"":0.536,""energy"":0.661,""key"":5,""loudness"":-9.174,""mode"":1,""speechiness"":0.0329,""acousticness"":0.383,""instrumentalness"":0.000507,""liveness"":0.0643,""valence"":0.682,""tempo"":90.231,""type"":""audio_features"",""id"":""3e4IdAxjdAWjZFEOMmvDVP"",""uri"":""spotify:track:3e4IdAxjdAWjZFEOMmvDVP"",""track_href"":""https://api.spotify.com/v1/tracks/3e4IdAxjdAWjZFEOMmvDVP"",""analysis_url"":""https://api.spotify.com/v1/audio-analysis/3e4IdAxjdAWjZFEOMmvDVP"",""duration_ms"":257133,""time_signature"":4}","T'Pau","Heart and Soul"
"[]","{""danceability"":0.703,""energy"":0.579,""key"":2,""loudness"":-12.786,""mode"":1,""speechiness"":0.0308,""acousticness"":0.37,""instrumentalness"":0.00000707,""liveness"":0.117,""valence"":0.973,""tempo"":111.583,""type"":""audio_features"",""id"":""6ZKlm17z22OxkzgemE4aos"",""uri"":""spotify:track:6ZKlm17z22OxkzgemE4aos"",""track_href"":""https://api.spotify.com/v1/tracks/6ZKlm17z22OxkzgemE4aos"",""analysis_url"":""https://api.spotify.com/v1/audio-analysis/6ZKlm17z22OxkzgemE4aos"",""duration_ms"":359816,""time_signature"":4}","Robert Palmer","Addicted To Love"
"[""80s"",""soul"",""pop"",""funk"",""rock"",""dance"",""rhythm and blues"",""RB"",""rnb"",""wishing well"",""singer-songwriter"",""80's"",""terence trent d arby-wishing well"",""sexy"",""funky"",""Love"",""male vocalists"",""1988"",""1980s"",""1987"",""80s soul"",""trance trand darby"",""classic"",""pop rock"",""catchy"",""urban"",""soft rock"",""adult contemporary"",""american"",""party"",""cool"",""great lyrics"",""Pop-Rock"",""4 of 10 stars"",""a subtle use of vocal harmony"",""intricate melodic phrasing"",""major key tonality"",""repetitive melodic phrasing"",""a dynamic male vocalist"",""80s Pop"",""Old School soul"",""All time favourites"",""groove based composition"",""electric guitar riffs"",""70s 80s 90s"",""leapsandloved"",""heavy syncopation"",""demanding instrumental part writing"",""critically acclaimed song"",""acclaimed music top 3000 bubbling under"",""galaxystardust"",""Terence Trent DArby"",""Terence Trent drby -WishingWell"",""Happy retirement mix"",""Disco"",""indie"",""jazz"",""british"",""clean"",""dark"",""cheese"",""romantic"",""beautiful"",""groove"",""night"",""bass"",""90s"",""drums"",""eighties"",""old skool"",""nu soul"",""r&b"",""oldies"",""smooth"",""new"",""r and b"",""beats"",""old school"",""poetic"",""trees"",""great song"",""Uplifting"",""good"",""new romantic"",""dance pop"",""rock n roll"",""alternative pop"",""singer-songwriters"",""Ballad"",""top 40"",""songs i love"",""roadtrip"",""I Like It"",""perfect pop songs"",""sensual"",""kissing"",""kiss"",""Remember"",""single"",""7""]","{""danceability"":0.855,""energy"":0.461,""key"":10,""loudness"":-13.096,""mode"":0,""speechiness"":0.0564,""acousticness"":0.0965,""instrumentalness"":0,""liveness"":0.201,""valence"":0.833,""tempo"":104.96,""type"":""audio_features"",""id"":""2bvzxeD1hPWEYotw40Euq9"",""uri"":""spotify:track:2bvzxeD1hPWEYotw40Euq9"",""track_href"":""https://api.spotify.com/v1/tracks/2bvzxeD1hPWEYotw40Euq9"",""analysis_url"":""https://api.spotify.com/v1/audio-analysis/2bvzxeD1hPWEYotw40Euq9"",""duration_ms"":210467,""time_signature"":4}","Terence Trent D'Arby","Wishing Well"
"[]","{""danceability"":0.898,""energy"":0.541,""key"":11,""loudness"":-17.542,""mode"":0,""speechiness"":0.282,""acousticness"":0.0188,""instrumentalness"":0.000151,""liveness"":0.281,""valence"":0.756,""tempo"":103.899,""type"":""audio_features"",""id"":""53eSPiEnq4XkQSxczX7iKA"",""uri"":""spotify:track:53eSPiEnq4XkQSxczX7iKA"",""track_href"":""https://api.spotify.com/v1/tracks/53eSPiEnq4XkQSxczX7iKA"",""analysis_url"":""https://api.spotify.com/v1/audio-analysis/53eSPiEnq4XkQSxczX7iKA"",""duration_ms"":288000,""time_signature"":4}","Eric B. & Rakim","I Know You Got Soul"
"[""pop"",""80s"",""dance"",""Madonna"",""female vocalists"",""1986"",""classic"",""american"",""open your heart"",""rock"",""Love"",""female vocalist"",""party"",""queen of pop"",""favorites"",""catchy"",""80s Pop"",""amayzes loved"",""electronic"",""favorite songs"",""new wave"",""upbeat"",""love songs"",""dance pop"",""female"",""USA"",""romantic"",""synthpop"",""Guilty Pleasures"",""davaho53"",""Disco"",""downtempo"",""singer-songwriter"",""pop rock"",""singer"",""oldies"",""gay"",""80's"",""female vocal"",""Favourites"",""nostalgia"",""Favourite Songs"",""best songs of the 80s"",""my favorite"",""love the video"",""music that makes me melt"",""danceable pop"",""us number one"",""immaculate collection"",""True Blue"",""dancing alone at home"",""madonnna"",""legolove"",""Brilliantastic"",""i love madonna""]","{""danceability"":0.656,""energy"":0.899,""key"":5,""loudness"":-5.039,""mode"":1,""speechiness"":0.0565,""acousticness"":0.0261,""instrumentalness"":0,""liveness"":0.0936,""valence"":0.865,""tempo"":113.239,""type"":""audio_features"",""id"":""3kme5Qos8h04yrKxsgur79"",""uri"":""spotify:track:3kme5Qos8h04yrKxsgur79"",""track_href"":""https://api.spotify.com/v1/tracks/3kme5Qos8h04yrKxsgur79"",""analysis_url"":""https://api.spotify.com/v1/audio-analysis/3kme5Qos8h04yrKxsgur79"",""duration_ms"":229280,""time_signature"":4}","Madonna","Open Your Heart"
"[""indie"",""rock"",""Grunge"",""alternative"",""alternative rock"",""indie rock""]","{""danceability"":0.53,""energy"":0.861,""key"":7,""loudness"":-4.67,""mode"":1,""speechiness"":0.0372,""acousticness"":0.0175,""instrumentalness"":0.0177,""liveness"":0.0857,""valence"":0.844,""tempo"":130.476,""type"":""audio_features"",""id"":""64D3dzWyj0GpQT1AHx4kbK"",""uri"":""spotify:track:64D3dzWyj0GpQT1AHx4kbK"",""track_href"":""https://api.spotify.com/v1/tracks/64D3dzWyj0GpQT1AHx4kbK"",""analysis_url"":""https://api.spotify.com/v1/audio-analysis/64D3dzWyj0GpQT1AHx4kbK"",""duration_ms"":140507,""time_signature"":4}","The Smiths","Panic (2011 Remastered Version)"
"[""pop"",""synthpop""]","{""danceability"":0.636,""energy"":0.953,""key"":0,""loudness"":-8.074,""mode"":1,""speechiness"":0.0544,""acousticness"":0.091,""instrumentalness"":0.0203,""liveness"":0.252,""valence"":0.947,""tempo"":111.019,""type"":""audio_features"",""id"":""6KdhjkEK51ZlYCo6Pen0PM"",""uri"":""spotify:track:6KdhjkEK51ZlYCo6Pen0PM"",""track_href"":""https://api.spotify.com/v1/tracks/6KdhjkEK51ZlYCo6Pen0PM"",""analysis_url"":""https://api.spotify.com/v1/audio-analysis/6KdhjkEK51ZlYCo6Pen0PM"",""duration_ms"":183347,""time_signature"":4}","Living In A Box","Living In A Box - 7'' Version"
"[""80s"",""rock"",""pop"",""INXS"",""new wave"",""australian"",""sexy"",""classic rock"",""pop rock"",""dance"",""alternative"",""party"",""1987"",""male vocalists"",""alternative rock"",""sex"",""need you tonight"",""Soundtrack"",""Love"",""funk"",""oldies"",""80s rock"",""australia"",""80's"",""Favourites"",""classic"",""90s"",""loved"",""funky"",""Pop-Rock"",""electronic"",""favorites"",""soft rock"",""guitar"",""favourite"",""Aussie"",""nostalgia"",""My Favorites"",""amayzes loved"",""INXS need you tonight"",""favorite songs"",""gute laune"",""1980s"",""KICK"",""absolute classics"",""Michael Hutchence"",""INXS - Need You Tonight""]","{""danceability"":0.795,""energy"":0.63,""key"":10,""loudness"":-7.217,""mode"":0,""speechiness"":0.0841,""acousticness"":0.0419,""instrumentalness"":0.575,""liveness"":0.0894,""valence"":0.785,""tempo"":108.701,""type"":""audio_features"",""id"":""1sR4aKaHpLrc9u7g4ii90U"",""uri"":""spotify:track:1sR4aKaHpLrc9u7g4ii90U"",""track_href"":""https://api.spotify.com/v1/tracks/1sR4aKaHpLrc9u7g4ii90U"",""analysis_url"":""https://api.spotify.com/v1/audio-analysis/1sR4aKaHpLrc9u7g4ii90U"",""duration_ms"":181107,""time_signature"":4}","INXS","Need You Tonight"
"[]","{""danceability"":0.751,""energy"":0.632,""key"":7,""loudness"":-14.803,""mode"":1,""speechiness"":0.0585,""acousticness"":0.00116,""instrumentalness"":0.4,""liveness"":0.0549,""valence"":0.68,""tempo"":112.992,""type"":""audio_features"",""id"":""369JKykZZr1qzv9pg5zAhz"",""uri"":""spotify:track:369JKykZZr1qzv9pg5zAhz"",""track_href"":""https://api.spotify.com/v1/tracks/369JKykZZr1qzv9pg5zAhz"",""analysis_url"":""https://api.spotify.com/v1/audio-analysis/369JKykZZr1qzv9pg5zAhz"",""duration_ms"":250960,""time_signature"":4}","M/A/R/R/S","Pump Up The Volume (7"")"
"[""electronic"",""80s"",""electronica"",""alternative"",""ambient"",""experimental"",""techno"",""1986"",""synth-pop"",""eclectonia"",""From me for you""]","{""danceability"":0.757,""energy"":0.555,""key"":11,""loudness"":-13.916,""mode"":0,""speechiness"":0.043,""acousticness"":0.199,""instrumentalness"":0.0613,""liveness"":0.252,""valence"":0.782,""tempo"":111.891,""type"":""audio_features"",""id"":""3vnVLUV6I38VFcpJiIxX9O"",""uri"":""spotify:track:3vnVLUV6I38VFcpJiIxX9O"",""track_href"":""https://api.spotify.com/v1/tracks/3vnVLUV6I38VFcpJiIxX9O"",""analysis_url"":""https://api.spotify.com/v1/audio-analysis/3vnVLUV6I38VFcpJiIxX9O"",""duration_ms"":199533,""time_signature"":4}","Art Of Noise","Paranoimia (feat. Max Headroom)"
"[""80s"",""amayzes loved"",""pop"",""funk"",""davaho53"",""fun"",""animals"",""Old School soul"",""best songs of the 80s"",""Dinosaur"",""Walk the Dinosaur"",""classic rock"",""classic"",""catchy"",""Awesome"",""guitar"",""quirky"",""club"",""funky"",""Rousing"",""kids"",""guilty pleasure"",""top 40"",""ridiculous"",""Guilty Pleasures"",""cheesy"",""9 of 10 stars"",""freedom"",""nostalgia"",""my childhood"",""eclectonia"",""all the best"",""title is a full sentence"",""10 of 10 stars"",""4 of 10 stars"",""meme"",""animal songs"",""1987"",""dinosaurs"",""more cowbell"",""synth funk"",""top artists"",""s"",""b"",""walk"",""4chan"",""get up and dance"",""rad-o-rama"",""this makes me smile"",""old school dance"",""songs it took me forever to find"",""Lulz: A corruption of LOL"",""in the mix"",""alegria"",""outrageously camp video"",""Brems Tagg radio"",""Land of a thousand dances"",""dinocore"",""real brooklyn style pizza"",""essential 80s"",""rakt over disc"",""Get on the Floor"",""nsfw show"",""the word walk"",""the word dinosaur"",""open the door"",""everybody walk the dinosaur"",""song where uncontrollable dancing ensues"",""zphunk"",""fhEasy"",""tuesday song"",""aaaaaaaaaaaaaagh"",""bubby tunes"",""homework pl"",""Ricky Rouse"",""WAKL THE DINOSAUR""]","{""danceability"":0.802,""energy"":0.794,""key"":2,""loudness"":-12.087,""mode"":1,""speechiness"":0.0492,""acousticness"":0.115,""instrumentalness"":0.0121,""liveness"":0.0808,""valence"":0.909,""tempo"":115.361,""type"":""audio_features"",""id"":""0xlq96UPZXVBqfNZP1WpfM"",""uri"":""spotify:track:0xlq96UPZXVBqfNZP1WpfM"",""track_href"":""https://api.spotify.com/v1/tracks/0xlq96UPZXVBqfNZP1WpfM"",""analysis_url"":""https://api.spotify.com/v1/audio-analysis/0xlq96UPZXVBqfNZP1WpfM"",""duration_ms"":262333,""time_signature"":4}","Was (Not Was)","Walk The Dinosaur"
"[""80s"",""pop"",""female vocalists"",""dance"",""british"",""Kim Wilde"",""new wave"",""cover"",""covers"",""party"",""Disco"",""female vocalist"",""80's"",""1986"",""female"",""rock"",""we love the 80s"",""electronic"",""eighties"",""favourite"",""1987"",""singer-songwriter"",""UK"",""favorites"",""synthpop"",""good"",""top 40"",""1980s"",""you keep me hangin on"",""sexy"",""catchy"",""synth pop"",""britpop"",""synth"",""fun"",""female vocals"",""gotanygoodmusic"",""classic rock"",""pop rock"",""memories"",""Love"",""soft rock"",""Retro"",""3"",""oldies"",""top"",""1"",""synthesizer"",""love songs"",""80"",""4"",""Pop-Rock"",""Guilty Pleasures"",""Girl"",""6 of 10 stars"",""Favourite Songs"",""80s Pop"",""nice elevator music"",""great intros"",""Shady"",""top artists"",""supremes cover"",""best mouth in rock"",""p"",""hi fidelity"",""leapsandloved"",""grady"",""living in oblivion"",""us number one"",""galaxystardust"",""The 1980s"",""moody 80s"",""crazy 80s"",""Gerby"",""I miss these days sometimes"",""high school reunion"",""number 1 pop singles of 1987"",""finis"",""dake"",""dake-bonoism""]","{""danceability"":0.688,""energy"":0.71,""key"":7,""loudness"":-11.08,""mode"":0,""speechiness"":0.033,""acousticness"":0.0886,""instrumentalness"":0.000154,""liveness"":0.146,""valence"":0.669,""tempo"":123.438,""type"":""audio_features"",""id"":""0JEvuAzHVTU1hFFShRS858"",""uri"":""spotify:track:0JEvuAzHVTU1hFFShRS858"",""track_href"":""https://api.spotify.com/v1/tracks/0JEvuAzHVTU1hFFShRS858"",""analysis_url"":""https://api.spotify.com/v1/audio-analysis/0JEvuAzHVTU1hFFShRS858"",""duration_ms"":255133,""time_signature"":4}","Kim Wilde","You Keep Me Hangin' On"
"[""80s"",""pop"",""dance"",""rnb"",""cover"",""amayzes loved"",""Disco"",""covers"",""catchy"",""1987"",""cover favorites"",""davaho53"",""soul"",""Love"",""funk"",""upbeat"",""r&b"",""Mellow"",""Favorite"",""1980s"",""Sentimental"",""one-hit wonders"",""lean on me"",""Club Nouveau"",""chillout"",""electronica"",""memories"",""happy"",""new wave"",""easy listening"",""romantic"",""groove"",""Driving"",""eighties"",""american"",""old skool"",""party"",""motherhood"",""synthpop"",""old school"",""Uplifting"",""male vocalists"",""new jack swing"",""80's"",""1986"",""Tribute"",""popular"",""sampled"",""Favourites"",""8 of 10 stars"",""freestyle"",""roller rink"",""Black"",""childhood"",""ok"",""favorite tracks"",""4 of 10 stars"",""Radio Music"",""extensive vamping"",""major key tonality"",""Old School soul"",""anthem"",""parenthood"",""Bill Withers"",""great cover"",""sing"",""mood: secure"",""more cowbell"",""one hit wonder"",""Remake"",""the best"",""billboard number ones"",""upbeat lyrics"",""prominent synth drums"",""fatherhood"",""groovie"",""covers that arent an exact replica of the original or are just really fabulous in some other way"",""old school dance"",""gives me chills"",""have to sing along"",""High School Memories"",""mood: upbeat"",""1980's"",""80s soul"",""New Wave and Eighties"",""bill withers cover"",""I love them"",""latin freestyle"",""alegria"",""cover me"",""ATF"",""heavy use of vocal harmonies"",""paired vocal harmony"",""gospel influences"",""use of ambient synths"",""us number one"",""a smooth male lead vocalist"",""nice to hear"",""songs im ashamed to like"",""bands ive seen in concert""]","{""danceability"":0.738,""energy"":0.67,""key"":0,""loudness"":-8.93,""mode"":1,""speechiness"":0.132,""acousticness"":0.185,""instrumentalness"":0,""liveness"":0.0989,""valence"":0.687,""tempo"":177.278,""type"":""audio_features"",""id"":""71zYfN62RYF7Y5N9ZlYWrF"",""uri"":""spotify:track:71zYfN62RYF7Y5N9ZlYWrF"",""track_href"":""https://api.spotify.com/v1/tracks/71zYfN62RYF7Y5N9ZlYWrF"",""analysis_url"":""https://api.spotify.com/v1/audio-analysis/71zYfN62RYF7Y5N9ZlYWrF"",""duration_ms"":348573,""time_signature"":4}","Club Nouveau","Lean On Me"
"[]","{""danceability"":0.326,""energy"":0.764,""key"":11,""loudness"":-5.133,""mode"":1,""speechiness"":0.0451,""acousticness"":0.255,""instrumentalness"":0,""liveness"":0.678,""valence"":0.203,""tempo"":139.249,""type"":""audio_features"",""id"":""0QdEmn539EsxyD8SOmxxAg"",""uri"":""spotify:track:0QdEmn539EsxyD8SOmxxAg"",""track_href"":""https://api.spotify.com/v1/tracks/0QdEmn539EsxyD8SOmxxAg"",""analysis_url"":""https://api.spotify.com/v1/audio-analysis/0QdEmn539EsxyD8SOmxxAg"",""duration_ms"":237588,""time_signature"":4}","T'Pau","China In Your Hand - Single Version"
"[""Hip-Hop"",""rock"",""rap"",""aerosmith""]","{""danceability"":0.759,""energy"":0.578,""key"":6,""loudness"":-12.56,""mode"":0,""speechiness"":0.0468,""acousticness"":0.00796,""instrumentalness"":0.0000818,""liveness"":0.0605,""valence"":0.944,""tempo"":105.598,""type"":""audio_features"",""id"":""6qUEOWqOzu1rLPUPQ1ECpx"",""uri"":""spotify:track:6qUEOWqOzu1rLPUPQ1ECpx"",""track_href"":""https://api.spotify.com/v1/tracks/6qUEOWqOzu1rLPUPQ1ECpx"",""analysis_url"":""https://api.spotify.com/v1/audio-analysis/6qUEOWqOzu1rLPUPQ1ECpx"",""duration_ms"":309760,""time_signature"":4}","Runâ€“D.M.C.","Walk This Way"
"[]","{""danceability"":0.489,""energy"":0.883,""key"":8,""loudness"":-5.621,""mode"":1,""speechiness"":0.0691,""acousticness"":0.00707,""instrumentalness"":0.000933,""liveness"":0.143,""valence"":0.395,""tempo"":133.585,""type"":""audio_features"",""id"":""5SLWPi682RrYTKcFijrb0n"",""uri"":""spotify:track:5SLWPi682RrYTKcFijrb0n"",""track_href"":""https://api.spotify.com/v1/tracks/5SLWPi682RrYTKcFijrb0n"",""analysis_url"":""https://api.spotify.com/v1/audio-analysis/5SLWPi682RrYTKcFijrb0n"",""duration_ms"":208987,""time_signature"":5}","Beastie Boys","(You Gotta ) Fight For Your Right (To Party)"
"[""alternative rock"",""rock"",""alternative"",""indie"",""indie rock"",""80s"",""punk"",""pixies"",""american"",""seen live"",""under two minutes"",""USA"",""4ad"",""1988"",""instrumental"",""Grunge"",""noise rock"",""college rock"",""noise"",""pop"",""indie pop"",""alternative pop rock"",""new wave"",""Energetic"",""angry"",""80s alternative"",""proto-grunge"",""chillout"",""classic"",""emo"",""Surf"",""female vocalists"",""albums I own"",""Stoner Rock"",""Love"",""Alternative  Punk"",""post-punk"",""blues"",""ska"",""quirky"",""weird"",""90s"",""dirty"",""noise pop"",""great"",""Indie-Rock"",""adrenaline"",""intense"",""raw"",""cool"",""female vocalist"",""John Peel"",""hate"",""indierock"",""4"",""8 of 10 stars"",""9 of 10 stars"",""anger"",""surf punk"",""hardcore punk"",""Eargasm"",""10s"",""friendsofthekingofrummelpop"",""4 Stars"",""1980s"",""emusic"",""7 of 10 stars"",""dance party"",""the pixies"",""never gets old"",""scream"",""5"",""Insanity"",""puerto rico"",""pogo"",""influential"",""rockin"",""music for an ass-beating"",""Favorite songs ever"",""20th Century"",""Noise-pop"",""college music"",""mighty tracks"",""scenester rock"",""awesomenessss"",""Cooking Vinyl"",""rock action"",""under three minutes"",""noise guitar"",""noise-punk"",""somafm"",""songs that i would never listen to that lastfm has added to my profile randomly"",""indie poprock"",""Music to download"",""radio hugh"",""new last fm design SUCKS"",""Listen To This"",""what is rock exactly and does it matter"",""americain"",""Massachussets""]","{""danceability"":0.22,""energy"":0.828,""key"":1,""loudness"":-11.658,""mode"":1,""speechiness"":0.084,""acousticness"":0.00195,""instrumentalness"":0.848,""liveness"":0.0907,""valence"":0.245,""tempo"":189.92,""type"":""audio_features"",""id"":""0W1M8vt5AoAidBEah3NE0H"",""uri"":""spotify:track:0W1M8vt5AoAidBEah3NE0H"",""track_href"":""https://api.spotify.com/v1/tracks/0W1M8vt5AoAidBEah3NE0H"",""analysis_url"":""https://api.spotify.com/v1/audio-analysis/0W1M8vt5AoAidBEah3NE0H"",""duration_ms"":110413,""time_signature"":4}","Pixies","Something Against You"
"[""hip hop"",""Hip-Hop"",""rap"",""political"",""old school rap"",""seen live"",""Classic Hip Hop"",""classic rock"",""electronic"",""indie"",""pop"",""classic"",""country"",""instrumental"",""80s"",""Grunge"",""alternative"",""reggae"",""emo"",""folk"",""indie rock"",""hard rock"",""dub"",""singer-songwriter"",""Progressive rock"",""arabic"",""dance"",""pop rock"",""world"",""Symphonic Rock"",""instrumental rock"",""spoken word"",""hiphop"",""oldies"",""punk rock"",""comedy"",""aggressive"",""fun"",""Psychedelic Rock"",""glam rock"",""proto-punk"",""True Hip Hop"",""New York Punk"",""politics"",""fallon"",""rai"",""Favourite Songs"",""REVOLUTIONARY"",""Real hip-hop"",""conscious"",""general unclassifiable"",""The Shit"",""classic hip-hop"",""grandma"",""favorite rap songs"",""EXTRA BUTTA"",""Zappa - Flo and Eddie"",""put acid into noise"",""DARK GABLE"",""HARVEY WALLBANGER"",""ICE CREAM JONES"",""NEW HEFNER""]","{""danceability"":0.788,""energy"":0.707,""key"":11,""loudness"":-13.85,""mode"":1,""speechiness"":0.167,""acousticness"":0.26,""instrumentalness"":0,""liveness"":0.116,""valence"":0.648,""tempo"":100.882,""type"":""audio_features"",""id"":""2ayzuQcTdXpwk829moZX4W"",""uri"":""spotify:track:2ayzuQcTdXpwk829moZX4W"",""track_href"":""https://api.spotify.com/v1/tracks/2ayzuQcTdXpwk829moZX4W"",""analysis_url"":""https://api.spotify.com/v1/audio-analysis/2ayzuQcTdXpwk829moZX4W"",""duration_ms"":281067,""time_signature"":4}","Public Enemy","Public Enemy No.1"
"[""80s"",""new wave"",""synthpop"",""electronic"",""Depeche Mode"",""synth pop"",""alternative"",""british"",""pop"",""rock"",""1987"",""Strangelove"",""electronica"",""alternative rock"",""Love"",""new romantic"",""DM"",""dance"",""favorites"",""favorite songs"",""sexy"",""industrial"",""90s"",""electro"",""synth"",""darkwave"",""Awesome"",""80's"",""seen live"",""techno"",""UK"",""favourite"",""music for the masses"",""electropop"",""post-punk"",""male vocalists"",""Depeche"",""classic"",""happy"",""Electro Pop"",""alternative dance"",""i am a party girl here is my soundtrack"",""electro-pop"",""best songs ever"",""amayzes loved"",""songs I absolutely love"",""she wants revenge"",""Depeche Mode-Strangelove"",""beautiful"",""Retro"",""Mellow"",""dance pop"",""80"",""fav"",""Favourites"",""classics"",""3 of 10 stars"",""loved tracks"",""best of 80s"",""Martin Gore"",""Dave Gahan"",""-favorites-"",""golden 80s"",""davaho53"",""-pop-and-hip-hop-"",""rockitz""]","{""danceability"":0.569,""energy"":0.937,""key"":4,""loudness"":-5.137,""mode"":0,""speechiness"":0.0362,""acousticness"":0.00323,""instrumentalness"":0.00769,""liveness"":0.29,""valence"":0.831,""tempo"":119.117,""type"":""audio_features"",""id"":""5fOTTncQQH1YH5MAjdroWG"",""uri"":""spotify:track:5fOTTncQQH1YH5MAjdroWG"",""track_href"":""https://api.spotify.com/v1/tracks/5fOTTncQQH1YH5MAjdroWG"",""analysis_url"":""https://api.spotify.com/v1/audio-analysis/5fOTTncQQH1YH5MAjdroWG"",""duration_ms"":224493,""time_signature"":4}","Depeche Mode","Strangelove"
"[""80s"",""pop"",""new wave"",""dance"",""british"",""synthpop"",""Frankie goes to Hollywood"",""electronic"",""rock"",""relax"",""party"",""Disco"",""synth pop"",""80's"",""electronica"",""1983"",""oldies"",""1984"",""gay"",""classic rock"",""UK"",""trevor horn"",""Hi-NRG"",""sex"",""male vocalists"",""zoolander"",""favorites"",""england"",""80s Pop"",""one hit wonder"",""80s favorites"",""britpop"",""upbeat"",""Frankie"",""80er"",""Porieux-loved"",""alternative"",""pop rock"",""synth"",""fun"",""i am a party girl here is my soundtrack"",""english"",""amayzes loved"",""80s y 90s"",""uk number one"",""FGTH""]","{""danceability"":0.677,""energy"":0.83,""key"":11,""loudness"":-8.147,""mode"":0,""speechiness"":0.0389,""acousticness"":0.295,""instrumentalness"":0.0000104,""liveness"":0.0295,""valence"":0.705,""tempo"":114.921,""type"":""audio_features"",""id"":""1K3RzyzlBhMzOZtR0yepeb"",""uri"":""spotify:track:1K3RzyzlBhMzOZtR0yepeb"",""track_href"":""https://api.spotify.com/v1/tracks/1K3RzyzlBhMzOZtR0yepeb"",""analysis_url"":""https://api.spotify.com/v1/audio-analysis/1K3RzyzlBhMzOZtR0yepeb"",""duration_ms"":236787,""time_signature"":4}","Frankie Goes To Hollywood","Relax"
"[""pop"",""80s"",""Madonna"",""dance"",""female vocalists"",""latin"",""la isla bonita"",""rock"",""latin pop"",""female vocalist"",""classic"",""american"",""1986"",""favorites"",""memories"",""summer"",""nostalgic"",""80's"",""Disco"",""USA"",""90s"",""spanish"",""electronic"",""female"",""sexy"",""dance-pop"",""oldies"",""dance pop"",""chillout"",""Love"",""romantic"",""Favourites"",""1987"",""amayzes loved"",""pop rock"",""samba"",""female vocals"",""top 40"",""new wave"",""adult contemporary"",""other"",""upbeat"",""favourite"",""relax"",""sing along"",""10 of 10 stars"",""80s Pop"",""Pop Life"",""West Coast swing"",""davaho53"",""uk number one"",""vugube62""]","{""danceability"":0.708,""energy"":0.832,""key"":1,""loudness"":-4.736,""mode"":0,""speechiness"":0.0362,""acousticness"":0.392,""instrumentalness"":0.00000133,""liveness"":0.0561,""valence"":0.968,""tempo"":99.953,""type"":""audio_features"",""id"":""2Iib2MV3ECFJAourgP9dlY"",""uri"":""spotify:track:2Iib2MV3ECFJAourgP9dlY"",""track_href"":""https://api.spotify.com/v1/tracks/2Iib2MV3ECFJAourgP9dlY"",""analysis_url"":""https://api.spotify.com/v1/audio-analysis/2Iib2MV3ECFJAourgP9dlY"",""duration_ms"":242947,""time_signature"":4}","Madonna","La Isla Bonita"
"[""funk"",""80s"",""dance"",""pop"",""rnb"",""cameo"",""soul"",""party"",""Disco"",""funky"",""1986"",""Word up"",""oldies"",""r&b"",""cool"",""cameo-word up"",""rock"",""favorites"",""rhythm and blues"",""i am a party girl here is my soundtrack"",""1980s"",""80s y 90s"",""genius"",""old school"",""male vocalists"",""80's"",""cheesy"",""best of funk"",""electronic"",""hip hop"",""catchy"",""Awesome"",""american"",""beat"",""8 of 10 stars"",""Favourite Songs"",""Old School soul"",""volume up"",""afro armpit funk"",""Funk Tag"",""vugube62""]","{""danceability"":0.863,""energy"":0.839,""key"":6,""loudness"":-13.1,""mode"":0,""speechiness"":0.0616,""acousticness"":0.0479,""instrumentalness"":0.00784,""liveness"":0.0467,""valence"":0.878,""tempo"":116.215,""type"":""audio_features"",""id"":""43r1dGvg8RkARjctRlSYNC"",""uri"":""spotify:track:43r1dGvg8RkARjctRlSYNC"",""track_href"":""https://api.spotify.com/v1/tracks/43r1dGvg8RkARjctRlSYNC"",""analysis_url"":""https://api.spotify.com/v1/audio-analysis/43r1dGvg8RkARjctRlSYNC"",""duration_ms"":261000,""time_signature"":4}","Cameo","Word Up"
"[""80s"",""Disco"",""dance"",""electronica"",""oldies"",""streamable track wants"",""the best"",""genial"",""mola"",""para escuchar"",""guateque"",""v10 para escuchar"",""mitica"",""oh rules"",""v10 electronica"",""v10 genial"",""v10 mola"",""tiempo pasado"",""v10 guateque"",""v10 tiempo pasado"",""conale"",""perlast""]","{""danceability"":0.907,""energy"":0.564,""key"":0,""loudness"":-9.29,""mode"":1,""speechiness"":0.0568,""acousticness"":0.000928,""instrumentalness"":0.65,""liveness"":0.108,""valence"":0.229,""tempo"":122.632,""type"":""audio_features"",""id"":""0B5kY9i9bmP7554oU4jRoO"",""uri"":""spotify:track:0B5kY9i9bmP7554oU4jRoO"",""track_href"":""https://api.spotify.com/v1/tracks/0B5kY9i9bmP7554oU4jRoO"",""analysis_url"":""https://api.spotify.com/v1/audio-analysis/0B5kY9i9bmP7554oU4jRoO"",""duration_ms"":245413,""time_signature"":4}","Lipps Inc.","Funkytown - Single Version"
"[""80s"",""pop"",""female vocalists"",""Soundtrack"",""Disco"",""70s"",""Olivia Newton-john"",""oldies"",""rock"",""dance"",""soft rock"",""Soundtracks"",""1980"",""xanadu"",""diva"",""musicals"",""party"",""nostalgic"",""favourite"",""female vocals"",""female vocalist"",""soft pop"",""Favourites"",""lost"",""electric"",""1980s"",""Movies"",""x"",""Electric Light Orchestra"",""miianens playlist"",""electronic"",""vocal"",""british"",""pop rock"",""australian"",""favorites"",""repetitive"",""new wave"",""dance-pop"",""synth pop"",""Gothic"",""Awesome"",""guitar"",""strings"",""electric guitar"",""Retro"",""eighties"",""upbeat"",""Energetic"",""kitsch"",""musical"",""gay"",""amazing"",""ethereal"",""synthesizer"",""keyboard"",""percussion"",""guilty pleasure"",""ELO"",""laptop"",""top 40"",""Guilty Pleasures"",""Disco Pop"",""Trash"",""sunny"",""smile"",""male vocals"",""fuck yeah"",""fantasy"",""Favourite Songs"",""Brutal Death Metal"",""Jams"",""lolz"",""grease"",""singles"",""close harmony"",""Olivia"",""Tasty"",""audiosurf"",""Celestial"",""relaxed not bored"",""net"",""Movie Music"",""My Favourites"",""i love you"",""top artists"",""Beelloved"",""pathos"",""The British are coming"",""gay anthem"",""divas"",""Jazzy Beats"",""wish"",""Pop Life"",""damn catchy"",""fictional place names"",""scarebears loved tracks"",""awesome 80s"",""t"",""SP""]","{""danceability"":0.635,""energy"":0.584,""key"":6,""loudness"":-9.112,""mode"":1,""speechiness"":0.0296,""acousticness"":0.118,""instrumentalness"":0,""liveness"":0.29,""valence"":0.711,""tempo"":127.626,""type"":""audio_features"",""id"":""0cXFXgFns7sIMmTpqyGRmD"",""uri"":""spotify:track:0cXFXgFns7sIMmTpqyGRmD"",""track_href"":""https://api.spotify.com/v1/tracks/0cXFXgFns7sIMmTpqyGRmD"",""analysis_url"":""https://api.spotify.com/v1/audio-analysis/0cXFXgFns7sIMmTpqyGRmD"",""duration_ms"":208240,""time_signature"":4}","Olivia Newton-John","Xanadu"
"[""soul"",""70s"",""Disco"",""oldies"",""pop"",""motown"",""funk"",""WORKING MY WAY BACK TO YOU"",""dance"",""RandB"",""80s"",""rnb"",""male vocalists"",""Beelloved"",""The Spinners"",""rock"",""Smooth Soul"",""guitar"",""detroit"",""covers"",""old school"",""best covers"",""male vocalist"",""live"",""rhythm and blues"",""songs i love"",""Philly"",""gold"",""Love it"",""personal favourites"",""eclectonia"",""all the best"",""medley"",""philly soul"",""1980"",""60"",""close harmony"",""the best"",""70's"",""best songs of the 80s"",""70s pop"",""wrong track streaming"",""my favorite"",""that 80s tag"",""classic soul"",""rad-o-rama"",""i feel good"",""New Wave and Eighties"",""1980-3"",""R&B/Soul"",""funkpeacesoul"",""60s cover"",""roller disco"",""DisCompany"",""back in the day"",""early 1980s"",""solx"",""to classify"",""emo in disguise with diamonds"",""moldy oldies"",""i know all the words to this"",""Dramatics"",""mushy stuff"",""i will always love this song"",""easyplay"",""not original"",""Radiotsar approved"",""sooz soul"",""Sarnalios"",""Classic Hit"",""jacky brown"",""old skool rnb"",""to own and possess"",""rjw best 2009"",""fhEasy"",""leapsandcrazyhorse"",""vladsfavs"",""Oldies Tag"",""disco tag"",""my my spinners"",""on the way to disneyland"",""a feel-good jive"",""feelings for this are inexplicable"",""gerals levert"",""working my wal back to toy""]","{""danceability"":0.818,""energy"":0.768,""key"":9,""loudness"":-6.975,""mode"":0,""speechiness"":0.0482,""acousticness"":0.289,""instrumentalness"":0.00000473,""liveness"":0.107,""valence"":0.922,""tempo"":121.562,""type"":""audio_features"",""id"":""7cLkQkC9Z7hnN767rfRl5G"",""uri"":""spotify:track:7cLkQkC9Z7hnN767rfRl5G"",""track_href"":""https://api.spotify.com/v1/tracks/7cLkQkC9Z7hnN767rfRl5G"",""analysis_url"":""https://api.spotify.com/v1/audio-analysis/7cLkQkC9Z7hnN767rfRl5G"",""duration_ms"":242667,""time_signature"":4}","The Spinners","Working My Way Back to You"
"[""rock"",""female vocalists"",""90s"",""alternative"",""pop"",""alanis morissette"",""singer-songwriter"",""Canadian"",""alternative rock"",""ironic"",""pop rock"",""acoustic"",""female vocalist"",""female"",""indie"",""1995"",""great lyrics"",""live"",""easy listening"",""Unplugged"",""favorites"",""Favourites"",""catchy"",""alanis"",""canada"",""beautiful"",""memories"",""jagged little pill"",""Awesome"",""guitar"",""nostalgic"",""Mellow"",""favourite"",""female vocal"",""nostalgia"",""irony"",""Love"",""fun"",""Pop-Rock"",""relax"",""1996"",""classic rock"",""chill"",""classic"",""sad"",""soft rock"",""cool"",""Favorite"",""chillout"",""folk"",""relaxing"",""female vocals"",""Girl Rock"",""english"",""Alanis Morisette"",""Adult-Alternative"",""vocal"",""indie rock"",""soft"",""nice"",""High School"",""poprock"",""Favourite Songs"",""general rock"",""90s pop"",""My 90s"",""top song radio"",""Alanis Morissette - Ironic"",""seen live"",""favorite songs"",""hard rock"",""Driving"",""angry"",""90's"",""sweet"",""sing along"",""good music"",""chick rock"",""cute"",""smooth"",""melancholy"",""Adult Alternative"",""Bittersweet"",""female singers"",""single"",""girl power"",""1990s"",""favourite tracks"",""most loved"",""alanis ironic"",""not ironic"",""thoughtful"",""loved"",""Ballad"",""post-grunge"",""fav"",""alt rock"",""8 of 10 stars"",""life"",""childhood""]","{""danceability"":0.456,""energy"":0.635,""key"":11,""loudness"":-5.731,""mode"":1,""speechiness"":0.0573,""acousticness"":0.245,""instrumentalness"":0,""liveness"":0.194,""valence"":0.293,""tempo"":170.652,""type"":""audio_features"",""id"":""29YBihzQOmat0U74k4ukdx"",""uri"":""spotify:track:29YBihzQOmat0U74k4ukdx"",""track_href"":""https://api.spotify.com/v1/tracks/29YBihzQOmat0U74k4ukdx"",""analysis_url"":""https://api.spotify.com/v1/audio-analysis/29YBihzQOmat0U74k4ukdx"",""duration_ms"":228573,""time_signature"":4}","Alanis Morissette","Ironic"
"[""soul"",""rnb"",""Hip-Hop"",""90s"",""hip hop"",""cover"",""fugees"",""female vocalists"",""rap"",""Love"",""american"",""beautiful"",""r&b"",""hiphop"",""pop"",""classic"",""favorites"",""covers"",""Neo-Soul"",""chill"",""urban"",""smooth"",""High School"",""rhythm and blues"",""female vocal"",""slow jams"",""1996"",""90s Rnb"",""jazzyslovedrnbsoul"",""old nostalgic"",""killing me softly with his song"",""christian alexander tietgen"",""alternative rock"",""sexy"",""lounge"",""female vocals"",""loved"",""live"",""Ballad"",""Rap  Hip-Hop"",""mmm"",""lovers rock"",""liked it"",""female-vocalist"",""DarkestRose-loved tracks"",""Roberta Flack"",""nice track"",""hip hop-soul"",""i bet you wish you was black too"",""rnb mellow"",""sentimentals"",""electronica"",""female"",""country"",""reggae"",""sad"",""downtempo"",""singer-songwriter"",""pop rock"",""slow"",""catchy"",""epic"",""easy listening"",""RB"",""quiet storm"",""funk"",""blues"",""moody"",""vocals"",""male vocal"",""eu"",""r and b"",""beats"",""amazing"",""spiritual"",""great song"",""band"",""groovy"",""cool"",""samples"",""love songs"",""4"",""Favorite"",""R"",""ruhig"",""brilliant"",""lovely"",""bootlegs"",""lyrics"",""FM4"",""love song"",""smoking"",""work"",""Black"",""lost"",""male vocals"",""beautiful voice"",""Masterpiece"",""badass"",""1990s""]","{""danceability"":0.765,""energy"":0.29,""key"":4,""loudness"":-17.117,""mode"":0,""speechiness"":0.139,""acousticness"":0.0279,""instrumentalness"":0.00000102,""liveness"":0.571,""valence"":0.506,""tempo"":92.409,""type"":""audio_features"",""id"":""1MAqR81Tz28IIqMJ2KUDAO"",""uri"":""spotify:track:1MAqR81Tz28IIqMJ2KUDAO"",""track_href"":""https://api.spotify.com/v1/tracks/1MAqR81Tz28IIqMJ2KUDAO"",""analysis_url"":""https://api.spotify.com/v1/audio-analysis/1MAqR81Tz28IIqMJ2KUDAO"",""duration_ms"":298773,""time_signature"":4}","Fugees","Killing Me Softly with His Song"
"[]","{""danceability"":0.727,""energy"":0.969,""key"":7,""loudness"":-4.493,""mode"":1,""speechiness"":0.0419,""acousticness"":0.00945,""instrumentalness"":0.0017,""liveness"":0.364,""valence"":0.737,""tempo"":128.05,""type"":""audio_features"",""id"":""5CNs4YXFuXSgAHeRQb4B5T"",""uri"":""spotify:track:5CNs4YXFuXSgAHeRQb4B5T"",""track_href"":""https://api.spotify.com/v1/tracks/5CNs4YXFuXSgAHeRQb4B5T"",""analysis_url"":""https://api.spotify.com/v1/audio-analysis/5CNs4YXFuXSgAHeRQb4B5T"",""duration_ms"":227240,""time_signature"":4}","Tori Amos","Professional Widow - Armand's Star Trunk Funk Mix"
"[]","{""danceability"":0.766,""energy"":0.563,""key"":9,""loudness"":-7.516,""mode"":0,""speechiness"":0.0339,""acousticness"":0.0263,""instrumentalness"":0.683,""liveness"":0.115,""valence"":0.964,""tempo"":126.007,""type"":""audio_features"",""id"":""3E7ZwUMJFqpsDOJzEkBrQ7"",""uri"":""spotify:track:3E7ZwUMJFqpsDOJzEkBrQ7"",""track_href"":""https://api.spotify.com/v1/tracks/3E7ZwUMJFqpsDOJzEkBrQ7"",""analysis_url"":""https://api.spotify.com/v1/audio-analysis/3E7ZwUMJFqpsDOJzEkBrQ7"",""duration_ms"":230640,""time_signature"":4}","Kylie Minogue","Can't Get You Out Of My Head"
"[""singer-songwriter""]","{""danceability"":0.529,""energy"":0.199,""key"":2,""loudness"":-16.902,""mode"":1,""speechiness"":0.0437,""acousticness"":0.836,""instrumentalness"":0.0805,""liveness"":0.116,""valence"":0.157,""tempo"":125.735,""type"":""audio_features"",""id"":""6ZDLexJoNgTqKnkF9rIxQ7"",""uri"":""spotify:track:6ZDLexJoNgTqKnkF9rIxQ7"",""track_href"":""https://api.spotify.com/v1/tracks/6ZDLexJoNgTqKnkF9rIxQ7"",""analysis_url"":""https://api.spotify.com/v1/audio-analysis/6ZDLexJoNgTqKnkF9rIxQ7"",""duration_ms"":268213,""time_signature"":4}","Yusuf / Cat Stevens","How Can I Tell You"
"[""80s"",""pop"",""Bucks Fizz"",""oldies"",""Eurovision"",""british"",""female vocalists"",""eighties"",""male vocalists"",""catchy"",""Retro"",""80's"",""nostalgia"",""80s Pop"",""Eurovision Song Contest"",""bucks fizz-the land of make believe"",""Disco"",""rock"",""christmas"",""gay"",""disko"",""1981"",""catchy pop"",""1980's"",""80s magic"",""uk number one"",""The 1980s"",""Kanal 20"",""heavy metal"",""electronic"",""70s"",""dance"",""Love"",""epic"",""cheese"",""easy listening"",""Vocal Music"",""Awesome"",""future jazz"",""top"",""new"",""cheerful"",""nostalgic"",""fun"",""female vocalist"",""guilty pleasure"",""warm"",""camp"",""best"",""Favourites"",""Guilty Pleasures"",""boney m"",""Playful"",""cheesy"",""women"",""children"",""gute laune"",""eclectonia"",""all the best"",""1980s"",""Europop"",""dance music"",""the horror"",""1970"",""abba"",""1982"",""good music"",""New Pop"",""ESC"",""stylish"",""the best"",""azxcv-zagraniczne"",""radio pop"",""top artists"",""good mood"",""best songs of the 80s"",""Contemporary pop"",""euro-pop"",""fon"",""fave songs ever"",""songs that remind me of tooling around with Amy back in the day"",""laut mitsingen"",""Brems Tagg radio"",""musicspirit"",""hypermusic"",""90 - NINETIES"",""Schunkeln"",""Mooks"",""british connections"",""talent contests"",""health hustle"",""cheryl baker"",""soap bubbles"",""bum bopping"",""heavenly 101"",""pure 80s"",""fhEasy"",""happy gay my little pony song"",""2pop"",""poptop100""]","{""danceability"":0.561,""energy"":0.712,""key"":1,""loudness"":-13.465,""mode"":1,""speechiness"":0.0561,""acousticness"":0.205,""instrumentalness"":0.000447,""liveness"":0.251,""valence"":0.834,""tempo"":172.246,""type"":""audio_features"",""id"":""25cdz5ZmzsjTRPHS1JrAZL"",""uri"":""spotify:track:25cdz5ZmzsjTRPHS1JrAZL"",""track_href"":""https://api.spotify.com/v1/tracks/25cdz5ZmzsjTRPHS1JrAZL"",""analysis_url"":""https://api.spotify.com/v1/audio-analysis/25cdz5ZmzsjTRPHS1JrAZL"",""duration_ms"":226133,""time_signature"":4}","Bucks Fizz","The Land of Make Believe"
"[""80s"",""pop"",""female vocalists"",""Belinda Carlisle"",""new wave"",""soft rock"",""heaven is a place on earth"",""rock"",""dance"",""80s Pop"",""female vocalist"",""80's"",""female"",""pop rock"",""american"",""oldies"",""1987"",""favorites"",""easy listening"",""classic rock"",""Love"",""party"",""female vocals"",""80s favorites"",""guilty pleasure"",""heaven"",""happy"",""eighties"",""fun"",""classic"",""catchy"",""top 40"",""Favorite"",""top artists"",""amayzes loved"",""Good memories"",""Disco"",""90s"",""relaxing"",""best"",""love song"",""sexy female vocals""]","{""danceability"":0.64,""energy"":0.852,""key"":1,""loudness"":-8.119,""mode"":0,""speechiness"":0.0345,""acousticness"":0.0243,""instrumentalness"":0.00000182,""liveness"":0.0497,""valence"":0.793,""tempo"":122.902,""type"":""audio_features"",""id"":""37Q5anxoGWYdRsyeXkkNoI"",""uri"":""spotify:track:37Q5anxoGWYdRsyeXkkNoI"",""track_href"":""https://api.spotify.com/v1/tracks/37Q5anxoGWYdRsyeXkkNoI"",""analysis_url"":""https://api.spotify.com/v1/audio-analysis/37Q5anxoGWYdRsyeXkkNoI"",""duration_ms"":246520,""time_signature"":4}","Belinda Carlisle","Heaven Is a Place on Earth"
"[]","{""danceability"":0.57,""energy"":0.641,""key"":7,""loudness"":-9.124,""mode"":1,""speechiness"":0.0321,""acousticness"":0.0662,""instrumentalness"":0.00153,""liveness"":0.0655,""valence"":0.873,""tempo"":69.039,""type"":""audio_features"",""id"":""3ayj51qDL9ByHyGkMwsRCY"",""uri"":""spotify:track:3ayj51qDL9ByHyGkMwsRCY"",""track_href"":""https://api.spotify.com/v1/tracks/3ayj51qDL9ByHyGkMwsRCY"",""analysis_url"":""https://api.spotify.com/v1/audio-analysis/3ayj51qDL9ByHyGkMwsRCY"",""duration_ms"":161534,""time_signature"":4}","Blue Claw Philharmonic","The Nutcracker March (Dubstep Remix) [Tchaikovsky Drum Bass Garage]"
"[]","{""danceability"":0.526,""energy"":0.946,""key"":0,""loudness"":-3.939,""mode"":1,""speechiness"":0.229,""acousticness"":0.3,""instrumentalness"":0,""liveness"":0.186,""valence"":0.502,""tempo"":134.536,""type"":""audio_features"",""id"":""4h7T2fTaz01WfirCxO1oBz"",""uri"":""spotify:track:4h7T2fTaz01WfirCxO1oBz"",""track_href"":""https://api.spotify.com/v1/tracks/4h7T2fTaz01WfirCxO1oBz"",""analysis_url"":""https://api.spotify.com/v1/audio-analysis/4h7T2fTaz01WfirCxO1oBz"",""duration_ms"":187880,""time_signature"":4}","Party Factory","Kalinka - Single Party Mix (russisch)"
"[""pop"",""russian"",""Russian Pop"",""Russia""]","{""danceability"":0.727,""energy"":0.915,""key"":0,""loudness"":-3.16,""mode"":1,""speechiness"":0.197,""acousticness"":0.0453,""instrumentalness"":0,""liveness"":0.0745,""valence"":0.478,""tempo"":133.017,""type"":""audio_features"",""id"":""4l1INJsLeKsdwS7rWY86ag"",""uri"":""spotify:track:4l1INJsLeKsdwS7rWY86ag"",""track_href"":""https://api.spotify.com/v1/tracks/4l1INJsLeKsdwS7rWY86ag"",""analysis_url"":""https://api.spotify.com/v1/audio-analysis/4l1INJsLeKsdwS7rWY86ag"",""duration_ms"":226241,""time_signature"":4}","Ð”Ð–ÐžÐšÐ•Ð Ð«","ÐŸÐ¾Ñ‚Ð°Ð½Ñ†ÑƒÐ¹ ÑÐ¾ Ð¼Ð½Ð¾Ð¹"
"[""electronic"",""indie"",""pop"",""catchy"",""if this were a pokemon i would catch it"",""indie pop"",""electropop"",""party"",""indietronica"",""upbeat"",""fun"",""Awesome"",""dance"",""happy"",""2009"",""Passion Pit"",""00s"",""love at first listen"",""best of 2009"",""indie rock"",""summer"",""Uplifting"",""trippy insanity"",""involuntary toe taps and head bobs"",""electronica"",""electro"",""feel good"",""amazing"",""cool"",""summer candy"",""polyaztone"",""starside casino"",""higher and higher and higher"",""little secrets"",""rock"",""cute"",""quirky"",""synth"",""Electro Pop"",""male vocalists"",""feelgood"",""infectious"",""high"",""live life live"",""children chorus"",""alternative"",""favorites"",""Love"",""beautiful"",""american"",""kids"",""Fave Indie Pop"",""falsetto"",""electro-pop"",""easy"",""manners"",""pump up"",""lizvelrene2009"",""leapsandloved"",""pure happiness"",""favorite tracks of 2009"",""shake dat ass"",""songs that make me so happy it is ridiculous"",""shit i adore"",""mad alice party"",""franzis allerliebste lieblingslieder"",""lizvelrene loves"",""chillout"",""jazz"",""experimental"",""power pop"",""epic"",""synth pop"",""funk"",""Retro"",""download"",""Progressive"",""new"",""great"",""synthpop"",""Crunchy"",""synthesizer"",""to download"",""Rousing"",""female vocals"",""trippy"",""loved"",""euphoria"",""male vocalist"",""interesting"",""bouncy"",""Norway"",""fav"",""best"",""lovely"",""audioase"",""silly"",""bitpop"",""play"",""9 of 10 stars""]","{""danceability"":0.597,""energy"":0.786,""key"":5,""loudness"":-4.248,""mode"":1,""speechiness"":0.0419,""acousticness"":0.00345,""instrumentalness"":0,""liveness"":0.0909,""valence"":0.666,""tempo"":99.888,""type"":""audio_features"",""id"":""3kb38wezoUA8ki5jPYy3t5"",""uri"":""spotify:track:3kb38wezoUA8ki5jPYy3t5"",""track_href"":""https://api.spotify.com/v1/tracks/3kb38wezoUA8ki5jPYy3t5"",""analysis_url"":""https://api.spotify.com/v1/audio-analysis/3kb38wezoUA8ki5jPYy3t5"",""duration_ms"":238973,""time_signature"":4}","Passion Pit","Little Secrets"
"[""electronic"",""chillwave"",""psychedelic"",""electropop"",""indie"",""alternative"",""synthpop"",""indie pop"",""Lo-Fi"",""chill"",""electronica"",""beautiful"",""2011"",""videogame"",""love at first listen"",""Love"",""8-bit"",""best song ever"",""electro-pop"",""<3"",""best of 2011"",""indie rock"",""happy"",""synth pop"",""noise pop"",""american"",""summer"",""melancholic"",""Heartbreaking"",""fav"",""Love it"",""10s"",""Synthetic"",""BIRP"",""somafm"",""poptron"",""lightning bolts shooting out of my eyes"",""exquisite sound waves"",""pop"",""sad"",""indie electronic"",""electro"",""new wave"",""psychedelic pop"",""melodic"",""groove"",""Dreamy"",""atmospheric"",""Brooklyn"",""Electro Pop"",""Acid"",""space"",""cosmic"",""Mellow"",""new"",""amazing"",""nostalgic"",""ethereal"",""Bittersweet"",""youtube"",""cool"",""male vocalist"",""wave"",""R"",""austin"",""Fave Indie Pop"",""yes"",""9 of 10 stars"",""Perfection"",""New York City"",""2010s"",""kat fm"",""Dream"",""danceable"",""indie dance"",""sxsw 2012"",""songs that put me in a good mood"",""boppy"",""Stunning"",""alt"",""banned"",""motherfuckin rabbits ejaculating sunshine"",""Electro Indie"",""Captivating"",""120 minutes"",""mom and pop"",""static tongues"",""if this were a pokemon i would catch it"",""get up and dance"",""songs that i will still be listening to in a billion years"",""Chicano"",""Discovered"",""Songs to scream"",""songs i wish were written for me"",""Bagel"",""musica ineccepibilmente figa"",""yep"",""natalicious partaychoonz"",""re"",""lo-fi electronic""]","{""danceability"":0.633,""energy"":0.884,""key"":9,""loudness"":-4.158,""mode"":0,""speechiness"":0.0369,""acousticness"":0.00501,""instrumentalness"":0.0000193,""liveness"":0.134,""valence"":0.448,""tempo"":111.98,""type"":""audio_features"",""id"":""2JGSZk5y65ZF79mtDz0o9r"",""uri"":""spotify:track:2JGSZk5y65ZF79mtDz0o9r"",""track_href"":""https://api.spotify.com/v1/tracks/2JGSZk5y65ZF79mtDz0o9r"",""analysis_url"":""https://api.spotify.com/v1/audio-analysis/2JGSZk5y65ZF79mtDz0o9r"",""duration_ms"":264000,""time_signature"":4}","Neon Indian","Polish Girl"
"[]","{""danceability"":0.543,""energy"":0.865,""key"":9,""loudness"":-4.277,""mode"":0,""speechiness"":0.0393,""acousticness"":0.0137,""instrumentalness"":0.00475,""liveness"":0.295,""valence"":0.322,""tempo"":126.037,""type"":""audio_features"",""id"":""5SdwZnfsdp2xA1YOc32Ebo"",""uri"":""spotify:track:5SdwZnfsdp2xA1YOc32Ebo"",""track_href"":""https://api.spotify.com/v1/tracks/5SdwZnfsdp2xA1YOc32Ebo"",""analysis_url"":""https://api.spotify.com/v1/audio-analysis/5SdwZnfsdp2xA1YOc32Ebo"",""duration_ms"":267547,""time_signature"":4}","Cut Copy","Feel The Love"
"[""electronic"",""synthpop"",""swedish"",""electro"",""electronica"",""the knife"",""female vocalists"",""indie"",""electropop"",""synth pop"",""dance"",""alternative"",""Love"",""scandinavian"",""synth"",""heartbeats"",""chillout"",""Electroclash"",""00s"",""favorites"",""Favourites"",""pop"",""sexy"",""Sweden"",""chill"",""experimental"",""beautiful"",""indietronica"",""Awesome"",""cover"",""downtempo"",""Electro Pop"",""female vocalist"",""Favorite"",""lovely"",""Indietronic"",""ambient"",""indie pop"",""nice"",""brilliant"",""Perfection"",""female vocals"",""best"",""synth-pop"",""favorite songs"",""indie electronic"",""happy"",""party"",""Bittersweet"",""relaxing"",""interesting"",""best song ever"",""fav"",""Love it"",""electro-pop"",""electric barbarella"",""The Knife - Heartbeats"",""catchy"",""techno"",""lounge"",""unique"",""amazing"",""emotional"",""love at first listen"",""Karin Dreijer"",""knife"",""female"",""indie rock"",""2003"",""covers"",""Mellow"",""melancholy"",""beats"",""dark electro"",""I like"",""hypnotic"",""cool"",""heart"",""Good Stuff"",""dance party"",""scandinavia"",""nice voice"",""hit"",""Top song"",""snowboard"",""trip-hop"",""seen live"",""idm"",""Best of 2004"",""favourite"",""sex"",""World Music"",""heard on Pandora"",""love songs"",""audioase"",""2006"",""sweet"",""love song"",""2000s"",""10 of 10 stars""]","{""danceability"":0.649,""energy"":0.753,""key"":8,""loudness"":-4.875,""mode"":1,""speechiness"":0.0319,""acousticness"":0.0209,""instrumentalness"":0.0000581,""liveness"":0.105,""valence"":0.46,""tempo"":87.99,""type"":""audio_features"",""id"":""2YacpExEbX9tF8IbFlFOo4"",""uri"":""spotify:track:2YacpExEbX9tF8IbFlFOo4"",""track_href"":""https://api.spotify.com/v1/tracks/2YacpExEbX9tF8IbFlFOo4"",""analysis_url"":""https://api.spotify.com/v1/audio-analysis/2YacpExEbX9tF8IbFlFOo4"",""duration_ms"":231853,""time_signature"":4}","The Knife","Heartbeats"
"[]","{""danceability"":0.599,""energy"":0.896,""key"":6,""loudness"":-7.669,""mode"":0,""speechiness"":0.0363,""acousticness"":0.0466,""instrumentalness"":0.756,""liveness"":0.109,""valence"":0.149,""tempo"":140.076,""type"":""audio_features"",""id"":""09kDYaa5UwFQk20zsRo04r"",""uri"":""spotify:track:09kDYaa5UwFQk20zsRo04r"",""track_href"":""https://api.spotify.com/v1/tracks/09kDYaa5UwFQk20zsRo04r"",""analysis_url"":""https://api.spotify.com/v1/audio-analysis/09kDYaa5UwFQk20zsRo04r"",""duration_ms"":217714,""time_signature"":4}","Christmas Dubstep","Swan Lake (Dubstep Remix)"
"[]","{""danceability"":0.168,""energy"":0.3,""key"":6,""loudness"":-12.57,""mode"":1,""speechiness"":0.0358,""acousticness"":0.829,""instrumentalness"":0.887,""liveness"":0.0982,""valence"":0.0472,""tempo"":142.429,""type"":""audio_features"",""id"":""5BY5vItqKPSx6377M4wiRz"",""uri"":""spotify:track:5BY5vItqKPSx6377M4wiRz"",""track_href"":""https://api.spotify.com/v1/tracks/5BY5vItqKPSx6377M4wiRz"",""analysis_url"":""https://api.spotify.com/v1/audio-analysis/5BY5vItqKPSx6377M4wiRz"",""duration_ms"":225699,""time_signature"":5}","Algar Pool","Swan Lake (Remix)"
"[]","{""danceability"":0.514,""energy"":0.87,""key"":3,""loudness"":-2.726,""mode"":0,""speechiness"":0.0637,""acousticness"":0.1,""instrumentalness"":0,""liveness"":0.311,""valence"":0.59,""tempo"":179.841,""type"":""audio_features"",""id"":""6HPJjyMkZxKNfalbCcqxL0"",""uri"":""spotify:track:6HPJjyMkZxKNfalbCcqxL0"",""track_href"":""https://api.spotify.com/v1/tracks/6HPJjyMkZxKNfalbCcqxL0"",""analysis_url"":""https://api.spotify.com/v1/audio-analysis/6HPJjyMkZxKNfalbCcqxL0"",""duration_ms"":197333,""time_signature"":4}","NeoClubber","Chto So Mnoj (Russian Radio Edit)"
"[]","{""danceability"":0.709,""energy"":0.971,""key"":0,""loudness"":-2.985,""mode"":1,""speechiness"":0.0732,""acousticness"":0.037,""instrumentalness"":0.0000475,""liveness"":0.0762,""valence"":0.757,""tempo"":143.58,""type"":""audio_features"",""id"":""0GLErBXr6WD2xtpKdLW6yS"",""uri"":""spotify:track:0GLErBXr6WD2xtpKdLW6yS"",""track_href"":""https://api.spotify.com/v1/tracks/0GLErBXr6WD2xtpKdLW6yS"",""analysis_url"":""https://api.spotify.com/v1/audio-analysis/0GLErBXr6WD2xtpKdLW6yS"",""duration_ms"":191107,""time_signature"":4}","Videosex","Detektivska prica"
"[""indie"",""electronic"",""pop"",""swedish"",""dream-pop"",""handclaps"",""electronica"",""Dreamy"",""dance"",""dream pop"",""summer"",""summertime"",""daydream"",""chillout"",""chill"",""happy"",""easy going"",""melancholic"",""I love this song"",""Balaeric"",""positive energy"",""my favourite tracks"",""beach foam pop"",""popish"",""sunshine and clouds and everything"",""electropop"",""Surf"",""2009"",""sexy"",""indie pop"",""2008"",""Love"",""beautiful"",""feel good"",""free"",""amazing"",""euphoria"",""cool"",""powerpop"",""00s"",""alternative dance"",""Beach"",""fav"",""Favourites"",""lovely"",""audioase"",""8 of 10 stars"",""YuM"",""fresh"",""chillwave"",""lol"",""party time"",""Summery"",""tracks"",""Dream"",""4 of 10 stars"",""dreamlike"",""balearic"",""easy"",""happiness"",""Andy"",""sea"",""ocean"",""joie de vivre"",""best songs ever"",""rural"",""Ion B radio"",""ion b chill station"",""life is easy"",""seaside"",""svenska"",""top quality"",""best tracks of 2008"",""All time favorite"",""bauns"",""Balearic Beat"",""dance dance dance to the radio"",""dream-like"",""2k8 mix"",""fuckin good"",""kid"",""elizabeth lester"",""elizabeth marie lester"",""critically acclaimed song"",""acclaimed music top 1100 of 2008"",""po chuju song"",""new find"",""i would dance to this"",""melancoly"",""balearic pop"",""stek"",""like2009-2014"",""keiaspissed"",""Passo Tonale"",""mmmpopmusic"",""TFS"",""music from iso50 blog""]","{""danceability"":0.562,""energy"":0.731,""key"":7,""loudness"":-5.317,""mode"":1,""speechiness"":0.0341,""acousticness"":0.378,""instrumentalness"":0.0022,""liveness"":0.623,""valence"":0.521,""tempo"":134.954,""type"":""audio_features"",""id"":""2zAk2s1oYP94LpNPnzPJkE"",""uri"":""spotify:track:2zAk2s1oYP94LpNPnzPJkE"",""track_href"":""https://api.spotify.com/v1/tracks/2zAk2s1oYP94LpNPnzPJkE"",""analysis_url"":""https://api.spotify.com/v1/audio-analysis/2zAk2s1oYP94LpNPnzPJkE"",""duration_ms"":242747,""time_signature"":4}","Air France","No Excuses"
"[]","{""danceability"":0.399,""energy"":0.761,""key"":9,""loudness"":-6.318,""mode"":1,""speechiness"":0.0334,""acousticness"":0.000105,""instrumentalness"":0.0456,""liveness"":0.0757,""valence"":0.243,""tempo"":140.084,""type"":""audio_features"",""id"":""44jJCNW8frQLEWpYuAQz47"",""uri"":""spotify:track:44jJCNW8frQLEWpYuAQz47"",""track_href"":""https://api.spotify.com/v1/tracks/44jJCNW8frQLEWpYuAQz47"",""analysis_url"":""https://api.spotify.com/v1/audio-analysis/44jJCNW8frQLEWpYuAQz47"",""duration_ms"":304907,""time_signature"":4}","M83","We Own The Sky"
"[]","{""danceability"":0.704,""energy"":0.303,""key"":4,""loudness"":-14.052,""mode"":0,""speechiness"":0.0289,""acousticness"":0.144,""instrumentalness"":0.81,""liveness"":0.0695,""valence"":0.138,""tempo"":101.01,""type"":""audio_features"",""id"":""2UrUuCwpIPhiRYa35QQq1v"",""uri"":""spotify:track:2UrUuCwpIPhiRYa35QQq1v"",""track_href"":""https://api.spotify.com/v1/tracks/2UrUuCwpIPhiRYa35QQq1v"",""analysis_url"":""https://api.spotify.com/v1/audio-analysis/2UrUuCwpIPhiRYa35QQq1v"",""duration_ms"":144184,""time_signature"":4}","Ryan Franks","The Nutcracker - Dance of the Sugar-Plum Fairy Remix"
"[]","{""danceability"":0.532,""energy"":0.516,""key"":4,""loudness"":-17.948,""mode"":0,""speechiness"":0.0419,""acousticness"":0.827,""instrumentalness"":0.955,""liveness"":0.0808,""valence"":0.68,""tempo"":96.05,""type"":""audio_features"",""id"":""5f1vTmqHK585iNJnjOSAan"",""uri"":""spotify:track:5f1vTmqHK585iNJnjOSAan"",""track_href"":""https://api.spotify.com/v1/tracks/5f1vTmqHK585iNJnjOSAan"",""analysis_url"":""https://api.spotify.com/v1/audio-analysis/5f1vTmqHK585iNJnjOSAan"",""duration_ms"":215285,""time_signature"":4}","Blue Claw Philharmonic","The Nutcracker Suite March (Acoustic Guitar Remix)"
"[""post-rock"",""ambient"",""icelandic"",""beautiful"",""alternative"",""indie"",""epic"",""sigur ros"",""chillout"",""post rock"",""experimental"",""atmospheric"",""happy"",""Mellow"",""iceland"",""Dreamy"",""amazing"",""chill"",""triumphant"",""rock"",""Awesome"",""instrumental"",""ethereal"",""electronic"",""favorites"",""piano"",""alternative rock"",""shoegaze"",""Uplifting"",""00s"",""Love"",""scandinavian"",""brilliant"",""love at first listen"",""if my life were a movie this would be on the soundtrack"",""electronica"",""chilled"",""inspiring"",""favorite songs"",""downtempo"",""Progressive rock"",""calm"",""emotional"",""relaxing"",""Favorite"",""lovely"",""perfect"",""seen live"",""indie rock"",""orchestral"",""melancholic"",""relax"",""Favourites"",""magical"",""songs which make me happy to be alive"",""grey storia"",""trip-hop"",""upbeat"",""dream pop"",""summer"",""genius"",""Calming"",""inspirational"",""2005"",""moving"",""Sigur RÃ³s"",""shoegazegdchill"",""Planet Earth"",""Hoppipolla"",""pop"",""art rock"",""crescendo"",""favourite"",""sweet"",""<3"",""soothing"",""Joyous"",""cinematic"",""feel good"",""nordic"",""winter"",""postrock"",""loved"",""male vocalists"",""optimistic"",""best"",""nostalgia"",""Perfection"",""feelgood"",""they play this in the queue for heaven"",""theo73 loves this music"",""Cat Porter""]","{""danceability"":0.306,""energy"":0.688,""key"":11,""loudness"":-6.446,""mode"":1,""speechiness"":0.0325,""acousticness"":0.0281,""instrumentalness"":0.223,""liveness"":0.207,""valence"":0.176,""tempo"":140.026,""type"":""audio_features"",""id"":""0nbAKsTcygTNGU5dxO6y8f"",""uri"":""spotify:track:0nbAKsTcygTNGU5dxO6y8f"",""track_href"":""https://api.spotify.com/v1/tracks/0nbAKsTcygTNGU5dxO6y8f"",""analysis_url"":""https://api.spotify.com/v1/audio-analysis/0nbAKsTcygTNGU5dxO6y8f"",""duration_ms"":268706,""time_signature"":4}","Sigur RÃ³s","HoppÃ­polla"
"[""electronic"",""indie electronic"",""electropop"",""indie pop"",""beautiful"",""indie"",""indietronica"",""pop"",""chill"",""electro"",""synth pop"",""Canadian"",""chillout"",""electronica"",""Mellow"",""relax"",""makes me happy"",""Atmosphere"",""junoir boys"",""trip-hop"",""idm"",""synthpop"",""chilled"",""hypnotic"",""alternative dance"",""colobocuro"",""break up"",""sweet as can be"",""canada"",""favorites"",""moody"",""vocals"",""3"",""pretty"",""new"",""melancholy"",""Like"",""loved"",""feeling down"",""yes"",""wonderful"",""10 of 10 stars"",""feelgood"",""LOVE LOVE LOVE"",""SPARKS"",""Goodness"",""acquire"",""feel-good"",""interesant"",""Electro Wave"",""sleeptronica"",""You know"",""Down and Out"",""indie chillout"",""eternal greatness"",""sweet - sweeter - nina"",""whatevertogether"",""listen to again"",""new cool"",""songs to love"",""Lumen"",""niceness"",""Junior Boys"",""get down now"",""Ridiculously awesome"",""candadian"",""2 and a half stars"",""reminds me of other stuff"",""foswatch"",""kanadian"",""indie-electropop"",""AipFin"",""similar to postal service"",""the knifeish"",""Junior Boy"",""date night""]","{""danceability"":0.784,""energy"":0.561,""key"":11,""loudness"":-9.712,""mode"":1,""speechiness"":0.0521,""acousticness"":0.699,""instrumentalness"":0.752,""liveness"":0.0757,""valence"":0.499,""tempo"":119.985,""type"":""audio_features"",""id"":""0DAWjITgaVdlWdLo1mwOY6"",""uri"":""spotify:track:0DAWjITgaVdlWdLo1mwOY6"",""track_href"":""https://api.spotify.com/v1/tracks/0DAWjITgaVdlWdLo1mwOY6"",""analysis_url"":""https://api.spotify.com/v1/audio-analysis/0DAWjITgaVdlWdLo1mwOY6"",""duration_ms"":357253,""time_signature"":4}","Junior Boys","FM"
"[]","{""danceability"":0.69,""energy"":0.775,""key"":4,""loudness"":-8.726,""mode"":0,""speechiness"":0.0368,""acousticness"":0.0664,""instrumentalness"":0.902,""liveness"":0.0844,""valence"":0.16,""tempo"":115.006,""type"":""audio_features"",""id"":""44Zf8S8GJ1wOMcRGnTsK2f"",""uri"":""spotify:track:44Zf8S8GJ1wOMcRGnTsK2f"",""track_href"":""https://api.spotify.com/v1/tracks/44Zf8S8GJ1wOMcRGnTsK2f"",""analysis_url"":""https://api.spotify.com/v1/audio-analysis/44Zf8S8GJ1wOMcRGnTsK2f"",""duration_ms"":404834,""time_signature"":4}","G-Mo","Outer Space Pilot"
"[]","{""danceability"":0.518,""energy"":0.0623,""key"":4,""loudness"":-18.698,""mode"":0,""speechiness"":0.0595,""acousticness"":0.995,""instrumentalness"":0.906,""liveness"":0.0958,""valence"":0.5,""tempo"":121.622,""type"":""audio_features"",""id"":""12cppqKNxoiDVKOlEweD4W"",""uri"":""spotify:track:12cppqKNxoiDVKOlEweD4W"",""track_href"":""https://api.spotify.com/v1/tracks/12cppqKNxoiDVKOlEweD4W"",""analysis_url"":""https://api.spotify.com/v1/audio-analysis/12cppqKNxoiDVKOlEweD4W"",""duration_ms"":181240,""time_signature"":4}","The National Flute Choir & Amy Rice Blumenthal","The Nutcracker Suite: II. March"
"[]","{""danceability"":0,""energy"":0.374,""key"":6,""loudness"":-18.751,""mode"":1,""speechiness"":0,""acousticness"":0.735,""instrumentalness"":0.764,""liveness"":0,""valence"":0,""tempo"":0,""type"":""audio_features"",""id"":""7whzr1gW8plL6gs9StIEiJ"",""uri"":""spotify:track:7whzr1gW8plL6gs9StIEiJ"",""track_href"":""https://api.spotify.com/v1/tracks/7whzr1gW8plL6gs9StIEiJ"",""analysis_url"":""https://api.spotify.com/v1/audio-analysis/7whzr1gW8plL6gs9StIEiJ"",""duration_ms"":7094,""time_signature"":0}","Sound Ideas","Dark Rocket Ship Whoosh By"
"[]","{""danceability"":0.583,""energy"":0.467,""key"":11,""loudness"":-12.475,""mode"":1,""speechiness"":0.029,""acousticness"":0.84,""instrumentalness"":0.126,""liveness"":0.0947,""valence"":0.09,""tempo"":104.029,""type"":""audio_features"",""id"":""2SYWArhFYrwDYm0gM1aonU"",""uri"":""spotify:track:2SYWArhFYrwDYm0gM1aonU"",""track_href"":""https://api.spotify.com/v1/tracks/2SYWArhFYrwDYm0gM1aonU"",""analysis_url"":""https://api.spotify.com/v1/audio-analysis/2SYWArhFYrwDYm0gM1aonU"",""duration_ms"":318960,""time_signature"":4}","Valley","Slacks"
"[]","{""danceability"":0.495,""energy"":0.171,""key"":3,""loudness"":-17.232,""mode"":0,""speechiness"":0.0326,""acousticness"":0.971,""instrumentalness"":0.856,""liveness"":0.106,""valence"":0.192,""tempo"":113.765,""type"":""audio_features"",""id"":""4vYmKVEBnfwfxaneIn1DxX"",""uri"":""spotify:track:4vYmKVEBnfwfxaneIn1DxX"",""track_href"":""https://api.spotify.com/v1/tracks/4vYmKVEBnfwfxaneIn1DxX"",""analysis_url"":""https://api.spotify.com/v1/audio-analysis/4vYmKVEBnfwfxaneIn1DxX"",""duration_ms"":80803,""time_signature"":3}","Via Luna","Upstairs Neighbor"
"[]","{""danceability"":0.336,""energy"":0.0328,""key"":5,""loudness"":-18.463,""mode"":1,""speechiness"":0.0384,""acousticness"":0.993,""instrumentalness"":0.911,""liveness"":0.0591,""valence"":0.184,""tempo"":124.083,""type"":""audio_features"",""id"":""7CkGJqyRqbPIxgor3Rkyx6"",""uri"":""spotify:track:7CkGJqyRqbPIxgor3Rkyx6"",""track_href"":""https://api.spotify.com/v1/tracks/7CkGJqyRqbPIxgor3Rkyx6"",""analysis_url"":""https://api.spotify.com/v1/audio-analysis/7CkGJqyRqbPIxgor3Rkyx6"",""duration_ms"":199000,""time_signature"":4}","Luke Howard","Ten Sails"
"[""2017 single""]","{""danceability"":0.48,""energy"":0.52,""key"":3,""loudness"":-9.529,""mode"":1,""speechiness"":0.0419,""acousticness"":0.164,""instrumentalness"":0.00168,""liveness"":0.102,""valence"":0.114,""tempo"":75.493,""type"":""audio_features"",""id"":""0iByHgOtRyd96SFdlXP2Xc"",""uri"":""spotify:track:0iByHgOtRyd96SFdlXP2Xc"",""track_href"":""https://api.spotify.com/v1/tracks/0iByHgOtRyd96SFdlXP2Xc"",""analysis_url"":""https://api.spotify.com/v1/audio-analysis/0iByHgOtRyd96SFdlXP2Xc"",""duration_ms"":306773,""time_signature"":4}","Active Child","Cruel World"
"[]","{""danceability"":0.656,""energy"":0.822,""key"":0,""loudness"":-7.708,""mode"":1,""speechiness"":0.0834,""acousticness"":0.35,""instrumentalness"":0.0615,""liveness"":0.136,""valence"":0.296,""tempo"":114.99,""type"":""audio_features"",""id"":""1WMQMGfLO22Pdq2hsKuTbE"",""uri"":""spotify:track:1WMQMGfLO22Pdq2hsKuTbE"",""track_href"":""https://api.spotify.com/v1/tracks/1WMQMGfLO22Pdq2hsKuTbE"",""analysis_url"":""https://api.spotify.com/v1/audio-analysis/1WMQMGfLO22Pdq2hsKuTbE"",""duration_ms"":185739,""time_signature"":4}","Pearla","Somewhere"
"[]","{""danceability"":0.715,""energy"":0.584,""key"":0,""loudness"":-7.963,""mode"":0,""speechiness"":0.0669,""acousticness"":0.576,""instrumentalness"":0.438,""liveness"":0.0863,""valence"":0.388,""tempo"":129.949,""type"":""audio_features"",""id"":""2dXC8tMclvkMWqPj3GpXWw"",""uri"":""spotify:track:2dXC8tMclvkMWqPj3GpXWw"",""track_href"":""https://api.spotify.com/v1/tracks/2dXC8tMclvkMWqPj3GpXWw"",""analysis_url"":""https://api.spotify.com/v1/audio-analysis/2dXC8tMclvkMWqPj3GpXWw"",""duration_ms"":325384,""time_signature"":4}","Modulogeek","The Boy Who Flew"
"[]","{""danceability"":0.675,""energy"":0.598,""key"":6,""loudness"":-9.905,""mode"":0,""speechiness"":0.0293,""acousticness"":0.662,""instrumentalness"":0.0952,""liveness"":0.219,""valence"":0.568,""tempo"":93.007,""type"":""audio_features"",""id"":""38kW1VVoZ5BepP82wQFkJ9"",""uri"":""spotify:track:38kW1VVoZ5BepP82wQFkJ9"",""track_href"":""https://api.spotify.com/v1/tracks/38kW1VVoZ5BepP82wQFkJ9"",""analysis_url"":""https://api.spotify.com/v1/audio-analysis/38kW1VVoZ5BepP82wQFkJ9"",""duration_ms"":262187,""time_signature"":4}","Gryffin","Whole Heart - Mansionair Remix"
"[]","{""danceability"":0.602,""energy"":0.614,""key"":11,""loudness"":-6.058,""mode"":0,""speechiness"":0.0633,""acousticness"":0.626,""instrumentalness"":0.021,""liveness"":0.0738,""valence"":0.333,""tempo"":137.992,""type"":""audio_features"",""id"":""0IG0bhR18uNnfSa6nS0r0h"",""uri"":""spotify:track:0IG0bhR18uNnfSa6nS0r0h"",""track_href"":""https://api.spotify.com/v1/tracks/0IG0bhR18uNnfSa6nS0r0h"",""analysis_url"":""https://api.spotify.com/v1/audio-analysis/0IG0bhR18uNnfSa6nS0r0h"",""duration_ms"":226063,""time_signature"":4}","Rynn","Islands"
"[]","{""danceability"":0.71,""energy"":0.443,""key"":3,""loudness"":-8.943,""mode"":1,""speechiness"":0.0258,""acousticness"":0.255,""instrumentalness"":0.756,""liveness"":0.114,""valence"":0.562,""tempo"":105.97,""type"":""audio_features"",""id"":""6Qy8okHotD93z9duwNrcbO"",""uri"":""spotify:track:6Qy8okHotD93z9duwNrcbO"",""track_href"":""https://api.spotify.com/v1/tracks/6Qy8okHotD93z9duwNrcbO"",""analysis_url"":""https://api.spotify.com/v1/audio-analysis/6Qy8okHotD93z9duwNrcbO"",""duration_ms"":167606,""time_signature"":4}","LVGOON","Lunar Phases"
"[]","{""danceability"":0.834,""energy"":0.224,""key"":1,""loudness"":-14.403,""mode"":0,""speechiness"":0.0768,""acousticness"":0.555,""instrumentalness"":0.829,""liveness"":0.11,""valence"":0.315,""tempo"":107.995,""type"":""audio_features"",""id"":""5MSESSnEpFYnYrMf5Wyqs8"",""uri"":""spotify:track:5MSESSnEpFYnYrMf5Wyqs8"",""track_href"":""https://api.spotify.com/v1/tracks/5MSESSnEpFYnYrMf5Wyqs8"",""analysis_url"":""https://api.spotify.com/v1/audio-analysis/5MSESSnEpFYnYrMf5Wyqs8"",""duration_ms"":156125,""time_signature"":4}","Justin Jay","Home Pt. 2"
"[]","{""danceability"":0.854,""energy"":0.631,""key"":11,""loudness"":-8.197,""mode"":0,""speechiness"":0.0452,""acousticness"":0.884,""instrumentalness"":0.00999,""liveness"":0.202,""valence"":0.609,""tempo"":119.986,""type"":""audio_features"",""id"":""4Z3P5tSmsB7BkFHFc38dz7"",""uri"":""spotify:track:4Z3P5tSmsB7BkFHFc38dz7"",""track_href"":""https://api.spotify.com/v1/tracks/4Z3P5tSmsB7BkFHFc38dz7"",""analysis_url"":""https://api.spotify.com/v1/audio-analysis/4Z3P5tSmsB7BkFHFc38dz7"",""duration_ms"":228062,""time_signature"":4}","slenderbodies","anemone"
"[]","{""danceability"":0.253,""energy"":0.129,""key"":4,""loudness"":-15.192,""mode"":0,""speechiness"":0.033,""acousticness"":0.845,""instrumentalness"":0.453,""liveness"":0.0912,""valence"":0.0625,""tempo"":76.766,""type"":""audio_features"",""id"":""1cdUHUrtGjPdR4dQC4UD0V"",""uri"":""spotify:track:1cdUHUrtGjPdR4dQC4UD0V"",""track_href"":""https://api.spotify.com/v1/tracks/1cdUHUrtGjPdR4dQC4UD0V"",""analysis_url"":""https://api.spotify.com/v1/audio-analysis/1cdUHUrtGjPdR4dQC4UD0V"",""duration_ms"":241664,""time_signature"":5}","Leftenent","We Can Do Better"
"[]","{""danceability"":0.58,""energy"":0.866,""key"":10,""loudness"":-5.466,""mode"":1,""speechiness"":0.0616,""acousticness"":0.0118,""instrumentalness"":0.715,""liveness"":0.324,""valence"":0.409,""tempo"":104.946,""type"":""audio_features"",""id"":""3Y6kCTParLxJfQqPYGm2J1"",""uri"":""spotify:track:3Y6kCTParLxJfQqPYGm2J1"",""track_href"":""https://api.spotify.com/v1/tracks/3Y6kCTParLxJfQqPYGm2J1"",""analysis_url"":""https://api.spotify.com/v1/audio-analysis/3Y6kCTParLxJfQqPYGm2J1"",""duration_ms"":295500,""time_signature"":4}","Jakub Zytecki","Mandala"
"[]","{""danceability"":0.449,""energy"":0.426,""key"":8,""loudness"":-11.474,""mode"":1,""speechiness"":0.0375,""acousticness"":0.0363,""instrumentalness"":0.86,""liveness"":0.0826,""valence"":0.0369,""tempo"":113.043,""type"":""audio_features"",""id"":""1PL2ph7B5gw1liqo469Qdf"",""uri"":""spotify:track:1PL2ph7B5gw1liqo469Qdf"",""track_href"":""https://api.spotify.com/v1/tracks/1PL2ph7B5gw1liqo469Qdf"",""analysis_url"":""https://api.spotify.com/v1/audio-analysis/1PL2ph7B5gw1liqo469Qdf"",""duration_ms"":178407,""time_signature"":3}","Julian Cisneros","Northern Lights"
"[]","{""danceability"":0.425,""energy"":0.339,""key"":7,""loudness"":-11.939,""mode"":1,""speechiness"":0.0321,""acousticness"":0.502,""instrumentalness"":0.00000992,""liveness"":0.11,""valence"":0.356,""tempo"":90.051,""type"":""audio_features"",""id"":""1hQlbRsNxOtave3WLskh61"",""uri"":""spotify:track:1hQlbRsNxOtave3WLskh61"",""track_href"":""https://api.spotify.com/v1/tracks/1hQlbRsNxOtave3WLskh61"",""analysis_url"":""https://api.spotify.com/v1/audio-analysis/1hQlbRsNxOtave3WLskh61"",""duration_ms"":223166,""time_signature"":3}","Jens Kuross","We Will Run"
"[]","{""danceability"":0.635,""energy"":0.614,""key"":7,""loudness"":-10.164,""mode"":0,""speechiness"":0.0354,""acousticness"":0.668,""instrumentalness"":0.855,""liveness"":0.108,""valence"":0.325,""tempo"":74.996,""type"":""audio_features"",""id"":""3oQ5PrqrqYEHrRAWIr50uN"",""uri"":""spotify:track:3oQ5PrqrqYEHrRAWIr50uN"",""track_href"":""https://api.spotify.com/v1/tracks/3oQ5PrqrqYEHrRAWIr50uN"",""analysis_url"":""https://api.spotify.com/v1/audio-analysis/3oQ5PrqrqYEHrRAWIr50uN"",""duration_ms"":223151,""time_signature"":4}","Frameworks","Save It All"
"[""feel so good""]","{""danceability"":0.668,""energy"":0.631,""key"":11,""loudness"":-8.525,""mode"":1,""speechiness"":0.0984,""acousticness"":0.000675,""instrumentalness"":0.683,""liveness"":0.112,""valence"":0.195,""tempo"":86.995,""type"":""audio_features"",""id"":""2tTKTETeEkkeQD4nQclFyX"",""uri"":""spotify:track:2tTKTETeEkkeQD4nQclFyX"",""track_href"":""https://api.spotify.com/v1/tracks/2tTKTETeEkkeQD4nQclFyX"",""analysis_url"":""https://api.spotify.com/v1/audio-analysis/2tTKTETeEkkeQD4nQclFyX"",""duration_ms"":213187,""time_signature"":4}","Arms and Sleepers","Nobody More Than You"
"[]","{""danceability"":0.498,""energy"":0.44,""key"":0,""loudness"":-15.389,""mode"":1,""speechiness"":0.121,""acousticness"":0.743,""instrumentalness"":0.886,""liveness"":0.0921,""valence"":0.0542,""tempo"":173.297,""type"":""audio_features"",""id"":""3MDaoc7qTQwQudhFUX5UCk"",""uri"":""spotify:track:3MDaoc7qTQwQudhFUX5UCk"",""track_href"":""https://api.spotify.com/v1/tracks/3MDaoc7qTQwQudhFUX5UCk"",""analysis_url"":""https://api.spotify.com/v1/audio-analysis/3MDaoc7qTQwQudhFUX5UCk"",""duration_ms"":207702,""time_signature"":4}","Kisnou","Forsaken Nights"
"[]","{""danceability"":0.678,""energy"":0.374,""key"":0,""loudness"":-9.387,""mode"":0,""speechiness"":0.0475,""acousticness"":0.561,""instrumentalness"":0.0249,""liveness"":0.103,""valence"":0.0519,""tempo"":82.058,""type"":""audio_features"",""id"":""3XWUy9BZzFYd5cQSDY3nae"",""uri"":""spotify:track:3XWUy9BZzFYd5cQSDY3nae"",""track_href"":""https://api.spotify.com/v1/tracks/3XWUy9BZzFYd5cQSDY3nae"",""analysis_url"":""https://api.spotify.com/v1/audio-analysis/3XWUy9BZzFYd5cQSDY3nae"",""duration_ms"":222439,""time_signature"":4}","Benji Lewis","Drift"
"[]","{""danceability"":0.274,""energy"":0.34,""key"":1,""loudness"":-13.259,""mode"":1,""speechiness"":0.0417,""acousticness"":0.723,""instrumentalness"":0.924,""liveness"":0.112,""valence"":0.0363,""tempo"":83.081,""type"":""audio_features"",""id"":""1felmlogIrdo7Rn8lhXc39"",""uri"":""spotify:track:1felmlogIrdo7Rn8lhXc39"",""track_href"":""https://api.spotify.com/v1/tracks/1felmlogIrdo7Rn8lhXc39"",""analysis_url"":""https://api.spotify.com/v1/audio-analysis/1felmlogIrdo7Rn8lhXc39"",""duration_ms"":206686,""time_signature"":4}","Dreamers Delight","Brooklyn"
"[""electronic""]","{""danceability"":0.71,""energy"":0.692,""key"":8,""loudness"":-7.803,""mode"":0,""speechiness"":0.0462,""acousticness"":0.696,""instrumentalness"":0.536,""liveness"":0.099,""valence"":0.169,""tempo"":99.986,""type"":""audio_features"",""id"":""2EQMHZRKQCYrpd5whehe3j"",""uri"":""spotify:track:2EQMHZRKQCYrpd5whehe3j"",""track_href"":""https://api.spotify.com/v1/tracks/2EQMHZRKQCYrpd5whehe3j"",""analysis_url"":""https://api.spotify.com/v1/audio-analysis/2EQMHZRKQCYrpd5whehe3j"",""duration_ms"":220800,""time_signature"":4}","Autograf","Slow Burn"
"[]","{""danceability"":0.864,""energy"":0.395,""key"":11,""loudness"":-8.572,""mode"":1,""speechiness"":0.0408,""acousticness"":0.0188,""instrumentalness"":0.794,""liveness"":0.11,""valence"":0.311,""tempo"":113.994,""type"":""audio_features"",""id"":""5Rjqx6zfXkYO0isEZEyzoY"",""uri"":""spotify:track:5Rjqx6zfXkYO0isEZEyzoY"",""track_href"":""https://api.spotify.com/v1/tracks/5Rjqx6zfXkYO0isEZEyzoY"",""analysis_url"":""https://api.spotify.com/v1/audio-analysis/5Rjqx6zfXkYO0isEZEyzoY"",""duration_ms"":246288,""time_signature"":4}","Those Who Ride With Giants","The Promise of the Setting Sun"
"[]","{""danceability"":0.46,""energy"":0.267,""key"":2,""loudness"":-13.413,""mode"":1,""speechiness"":0.0399,""acousticness"":0.815,""instrumentalness"":0.0101,""liveness"":0.656,""valence"":0.0388,""tempo"":136.908,""type"":""audio_features"",""id"":""2176dNaYHZvszJxrdK3EGK"",""uri"":""spotify:track:2176dNaYHZvszJxrdK3EGK"",""track_href"":""https://api.spotify.com/v1/tracks/2176dNaYHZvszJxrdK3EGK"",""analysis_url"":""https://api.spotify.com/v1/audio-analysis/2176dNaYHZvszJxrdK3EGK"",""duration_ms"":234803,""time_signature"":4}","Hazlett","Lowdown, Lay It On"
"[]","{""danceability"":0.431,""energy"":0.334,""key"":1,""loudness"":-9.88,""mode"":1,""speechiness"":0.0319,""acousticness"":0.651,""instrumentalness"":0.0184,""liveness"":0.147,""valence"":0.0449,""tempo"":94.492,""type"":""audio_features"",""id"":""1tvJf62LAwhnx8cInsfRZM"",""uri"":""spotify:track:1tvJf62LAwhnx8cInsfRZM"",""track_href"":""https://api.spotify.com/v1/tracks/1tvJf62LAwhnx8cInsfRZM"",""analysis_url"":""https://api.spotify.com/v1/audio-analysis/1tvJf62LAwhnx8cInsfRZM"",""duration_ms"":249429,""time_signature"":4}","Lilla Vargen","Downtown"
"[]","{""danceability"":0.451,""energy"":0.361,""key"":9,""loudness"":-13.625,""mode"":1,""speechiness"":0.0326,""acousticness"":0.871,""instrumentalness"":0.939,""liveness"":0.108,""valence"":0.0357,""tempo"":160.101,""type"":""audio_features"",""id"":""6UIbngsXePaZzRbnB9cL6R"",""uri"":""spotify:track:6UIbngsXePaZzRbnB9cL6R"",""track_href"":""https://api.spotify.com/v1/tracks/6UIbngsXePaZzRbnB9cL6R"",""analysis_url"":""https://api.spotify.com/v1/audio-analysis/6UIbngsXePaZzRbnB9cL6R"",""duration_ms"":120000,""time_signature"":4}","Bonjr","Just Finished My Finals and This Is How I Feel"
"[]","{""danceability"":0.613,""energy"":0.551,""key"":4,""loudness"":-10.502,""mode"":0,""speechiness"":0.0336,""acousticness"":0.57,""instrumentalness"":0.00473,""liveness"":0.117,""valence"":0.274,""tempo"":116.977,""type"":""audio_features"",""id"":""0gcVJ2G7f7mD64ouqgKKfx"",""uri"":""spotify:track:0gcVJ2G7f7mD64ouqgKKfx"",""track_href"":""https://api.spotify.com/v1/tracks/0gcVJ2G7f7mD64ouqgKKfx"",""analysis_url"":""https://api.spotify.com/v1/audio-analysis/0gcVJ2G7f7mD64ouqgKKfx"",""duration_ms"":151745,""time_signature"":4}","Kississippi","Indigo"
"[]","{""danceability"":0.608,""energy"":0.524,""key"":11,""loudness"":-6.782,""mode"":0,""speechiness"":0.0303,""acousticness"":0.00498,""instrumentalness"":0.0229,""liveness"":0.0866,""valence"":0.447,""tempo"":128.059,""type"":""audio_features"",""id"":""0lxj6BZftD5jG6Hio7klwe"",""uri"":""spotify:track:0lxj6BZftD5jG6Hio7klwe"",""track_href"":""https://api.spotify.com/v1/tracks/0lxj6BZftD5jG6Hio7klwe"",""analysis_url"":""https://api.spotify.com/v1/audio-analysis/0lxj6BZftD5jG6Hio7klwe"",""duration_ms"":224258,""time_signature"":4}","Pierce Fulton","Autumn Blossom (feat. Noosa)"
"[]","{""danceability"":0.514,""energy"":0.209,""key"":6,""loudness"":-11.266,""mode"":1,""speechiness"":0.0679,""acousticness"":0.226,""instrumentalness"":0.0000897,""liveness"":0.0921,""valence"":0.0468,""tempo"":131.143,""type"":""audio_features"",""id"":""1sb9Ez8XeECe3tqwLpcxjJ"",""uri"":""spotify:track:1sb9Ez8XeECe3tqwLpcxjJ"",""track_href"":""https://api.spotify.com/v1/tracks/1sb9Ez8XeECe3tqwLpcxjJ"",""analysis_url"":""https://api.spotify.com/v1/audio-analysis/1sb9Ez8XeECe3tqwLpcxjJ"",""duration_ms"":215132,""time_signature"":5}","IDER","Pulse"
"[]","{""danceability"":0.672,""energy"":0.441,""key"":10,""loudness"":-9.906,""mode"":1,""speechiness"":0.0331,""acousticness"":0.191,""instrumentalness"":0.72,""liveness"":0.086,""valence"":0.574,""tempo"":89.954,""type"":""audio_features"",""id"":""57DnecdCGuUZeXXzeugYCN"",""uri"":""spotify:track:57DnecdCGuUZeXXzeugYCN"",""track_href"":""https://api.spotify.com/v1/tracks/57DnecdCGuUZeXXzeugYCN"",""analysis_url"":""https://api.spotify.com/v1/audio-analysis/57DnecdCGuUZeXXzeugYCN"",""duration_ms"":246000,""time_signature"":3}","Tocaio","Naps"
"[""math rock"",""Progressive rock"",""jazz fusion"",""Jazz Rock""]","{""danceability"":0.64,""energy"":0.629,""key"":6,""loudness"":-8.425,""mode"":0,""speechiness"":0.0318,""acousticness"":0.196,""instrumentalness"":0.791,""liveness"":0.225,""valence"":0.332,""tempo"":92.443,""type"":""audio_features"",""id"":""2IIhKqYJtVIH79183A9WCK"",""uri"":""spotify:track:2IIhKqYJtVIH79183A9WCK"",""track_href"":""https://api.spotify.com/v1/tracks/2IIhKqYJtVIH79183A9WCK"",""analysis_url"":""https://api.spotify.com/v1/audio-analysis/2IIhKqYJtVIH79183A9WCK"",""duration_ms"":255081,""time_signature"":4}","Stage Kids","321"